Gemeente;Gemiddelde vraagprijs aangeboden woningen;Bevolking totaal;Gemiddelde leeftijd bevolking;Bevolkingsdichtheid;Autochtonen totaal;Allochtonen Westers;Allochtonen Niet Westers;Allochtonen totaal;Misdrijven totaal;Diefstal/inbraak;Werkloosheidspercentage;Besteedbaar inkomen per huishouden|2019;RegioCode;AmsterdamseCode;OuderRegioNaam;OuderRegioCode;Kiesgerechtigden;Opkomst;OngeldigeStemmen;BlancoStemmen;GeldigeStemmen;VVD;D66;PVV;CDA;SP;PvdA;GROENLINKS;FvD;PvdD;ChristenUnie;Volt;JA21;SGP;DENK;50PLUS;BBB;BIJ1;CODE ORANJE;NIDA;Splinter;Piratenpartij;JONG;TROTS;Lijst Henk Krol;NLBeter;Blanco;LP;OPRECHT;JEZUS LEEFT;DFP;U-Buntu Connected Front;Vrij en Sociaal Nederland;PvdE;Wij zijn Nederland;PvdR;Modern Nederland;De Groenen
's-Hertogenbosch;488020;155490;42.0;1414;122514;14291;18685;32976;8398;251.0;3.2;45.1;G0796;10054;'s-Hertogenbosch;K18;121353;95871;186;153;95532;22850;18016;10877;6466;6900;4742;5888;4279;4063;840;2955;1861;131;1909;979;254.0;519;282;370;320.0;239;168.0;166.0;94.0;72.0;105.0;44;32.0;18.0;73.0;0.0;0.0;20.0;0.0;0.0;0.0;0.0
Aa en Hunze;469107;25399;47.3;92;23719;1062;618;1680;605;23.0;3.4;47.1;G1680;10787;Assen;K3;20921;17444;32;25;17387;4323;2679;1482;1429;1290;1880;835;691;746;411;311;328;58;11;171;467.0;35;41;5;60.0;28;18.0;24.0;9.0;11.0;26.0;4;9.0;3.0;0.0;0.0;0.0;0.0;0.0;0.0;2.0;0.0
Aalsmeer;658553;31991;42.2;1590;25117;3708;3166;6874;1008;34.0;3.8;55.0;G0358;11264;Haarlem;K10;23249;19563;23;35;19505;6301;2742;2068;2114;636;794;561;950;591;743;344;702;114;165;180;74.0;81;56;36;63.0;42;26.0;39.0;25.0;14.0;0.0;12;11.0;0.0;12.0;2.0;5.0;0.0;2.0;0.0;0.0;0.0
Aalten;347721;27120;44.5;281;23997;2159;964;3123;496;15.0;2.9;44.1;G0197;11046;Arnhem;K7;21386;17215;18;16;17181;3782;2045;1470;3241;1133;872;617;737;363;876;177;355;109;73;180;899.0;20;60;4;29.0;24;31.0;22.0;17.0;14.0;9.0;5;4.0;12.0;0.0;1.0;0.0;0.0;0.0;0.0;0.0;0.0
Achtkarspelen;357519;27900;42.3;273;26631;666;603;1269;631;8.0;3.9;40.4;G0059;10199;Leeuwarden;K2;21772;16976;20;27;16929;2193;1071;2923;3047;1077;1117;365;1652;356;1603;123;273;351;7;85;418.0;19;67;4;28.0;16;28.0;43.0;10.0;8.0;0.0;8;15.0;16.0;0.0;0.0;0.0;0.0;0.0;4.0;0.0;2.0
Alblasserdam;366321;20136;41.3;2293;17037;1404;1695;3099;593;16.0;3.7;46.3;G0482;11327;Dordrecht;K14;15070;12203;25;16;12162;2115;1059;1330;1044;619;677;254;679;287;1084;78;332;2006;206;150;40.0;30;54;28;25.0;11;15.0;0.0;9.0;4.0;5.0;1;7.0;11.0;0.0;0.0;0.0;0.0;1.0;0.0;1.0;0.0
Albrandswaard;577048;25814;41.9;1190;20024;2070;3720;5790;961;24.0;3.6;57.2;G0613;10124;Dordrecht;K14;19624;15859;16;22;15821;4578;2069;1991;1215;783;694;439;854;572;445;273;901;204;192;201;45.0;85;89;28;54.0;24;18.0;0.0;16.0;12.0;16.0;7;4.0;10.0;0.0;0.0;0.0;0.0;2.0;0.0;0.0;0.0
Alkmaar;414307;109896;42.8;995;84758;10713;14425;25138;4999;97.0;3.8;42.7;G0361;10527;Den Helder;K11;85247;68680;170;132;68378;14207;12290;6100;4630;4506;4413;4671;3979;3966;1019;1705;1669;164;1220;804;701.0;427;355;233;308.0;233;105.0;162.0;57.0;84.0;169.0;60;29.0;30.0;59.0;13.0;0.0;0.0;10.0;0.0;0.0;0.0
Almelo;315996;73132;42.5;1087;53549;7740;11843;19583;3582;84.0;4.8;39.2;G0141;11053;Zwolle;K4;55728;40939;125;61;40753;8416;4501;6293;5184;2758;2379;1414;2685;1062;1296;545;882;225;1485;386;416.0;78;149;99;63.0;81;46.0;89.0;38.0;31.0;31.0;24;40.0;34.0;0.0;3.0;0.0;13.0;7.0;0.0;0.0;0.0
Almere;407574;214715;38.4;1662;118876;23554;72285;95839;8640;373.0;5.7;45.2;G0034;10018;Lelystad;K5;152746;109261;339;257;108665;23803;15672;13011;5130;6899;5890;6086;7035;4831;2474;2249;2766;354;3740;1579;284.0;3658;574;873;426.0;432;237.0;0.0;132.0;131.0;0.0;74;80.0;102.0;0.0;101.0;0.0;42.0;0.0;0.0;0.0;0.0
Alphen aan den Rijn;438304;112587;42.2;892;88721;10692;13174;23866;4208;114.0;3.7;48.2;G0484;10517;Leiden;K15;85935;69972;130;154;69688;18259;10223;6648;7041;3404;2872;2785;3573;2372;3071;1364;2059;1738;1239;706;485.0;285;354;288;246.0;143;151.0;0.0;52.0;74.0;111.0;42;60.0;26.0;0.0;9.0;0.0;0.0;0.0;0.0;8.0;0.0
Alphen-Chaam;606771;10373;45.1;111;8862;1208;303;1511;294;19.0;2.9;52.5;G1723;10710;Tilburg;K17;8165;6911;11;12;6888;2251;861;693;1108;378;195;186;314;214;40;105;185;4;6;79;174.0;6;21;1;16.0;5;9.0;0.0;8.0;7.0;4.0;2;1.0;3.0;9.0;1.0;0.0;2.0;0.0;0.0;0.0;0.0
Altena;443769;56352;42.0;281;51911;2767;1674;4441;1420;72.0;2.8;49.8;G1959;10078;Tilburg;K17;43318;35415;30;33;35352;7451;2510;4372;4841;1448;1091;627;2253;780;3424;311;818;4387;37;274;281.0;45;95;5;71.0;38;34.0;0.0;27.0;27.0;12.0;10;13.0;48.0;22.0;0.0;0.0;0.0;0.0;0.0;0.0;0.0
Ameland;554807;3746;44.2;63;3439;239;68;307;95;2.0;3.4;46.5;G0060;11153;Leeuwarden;K2;2935;2893;3;7;2883;753;352;263;453;126;206;93;130;97;60;51;94;9;2;15;132.0;3;11;0;8.0;6;4.0;8.0;2.0;2.0;0.0;0;1.0;0.0;0.0;0.0;2.0;0.0;0.0;0.0;0.0;0.0
Amersfoort;433554;157462;40.0;2515;117512;14073;25877;39950;6313;205.0;4.4;47.5;G0307;10948;Utrecht;K8;118081;97185;191;148;96846;19713;19471;6623;6830;4682;4942;7183;3522;4480;6127;3335;1813;860;3413;763;268.0;732;256;558;347.0;224;174.0;138.0;70.0;91.0;0.0;53;43.0;40.0;45.0;22.0;28.0;0.0;0.0;0.0;0.0;0.0
Amstelveen;699646;90829;41.7;2208;48301;18354;24174;42528;3601;186.0;5.0;50.7;G0362;10799;Haarlem;K10;57927;46874;102;74;46698;11937;9965;3453;3201;2217;3035;2866;1522;2175;944;1643;1048;161;537;448;66.0;662;122;148;127.0;129;68.0;36.0;36.0;37.0;0.0;41;7.0;0.0;24.0;23.0;20.0;0.0;0.0;0.0;0.0;0.0
Amsterdam;665010;893783;38.8;5177;397377;175869;320537;496406;64469;1761.0;6.5;41.7;G0363G0457;21923;AmsterdamHaarlem;K9K10;597205;453182;2189;972;450021;58286;102207;23108;11688;22116;33556;45702;12364;31489;6395;26395;5546;623;29798;2456;419.0;25668;902;5078;1306.0;1841;400.0;316.0;309.0;295.0;0.0;398;110.0;247.0;6.0;384.0;149.0;221.0;3.0;151.0;0.0;89.0
Apeldoorn;428049;164781;43.3;485;134472;13859;16450;30309;6851;267.0;3.5;44.3;G0200;11075;Arnhem;K7;128846;102081;173;178;101730;23443;14798;10081;9084;5610;5852;4684;5452;3840;5325;1892;2280;3447;1784;1047;962.0;281;343;147;324.0;180;138.0;238.0;105.0;65.0;123.0;50;80.0;67.0;0.0;8.0;0.0;0.0;0.0;0.0;0.0;0.0
Arnhem;370025;162424;40.1;1660;108400;19419;34605;54024;10556;298.0;5.9;37.4;G0202;10795;Arnhem;K7;122535;90234;238;245;89751;15338;17412;8450;4190;5677;5832;8234;4231;5753;2035;3193;1436;251;3232;754;220.0;1298;377;414;335.0;337;149.0;118.0;76.0;77.0;140.0;71;53.0;50.0;0.0;18.0;0.0;0.0;0.0;0.0;0.0;0.0
Assen;312559;68836;43.0;841;57484;5451;5901;11352;3336;81.0;3.7;40.9;G0106;10522;Assen;K3;53867;42590;72;73;42445;7842;6628;3725;3579;3446;3929;2324;2159;1546;3399;709;804;310;220;433;378.0;140;156;60;151.0;76;59.0;109.0;29.0;38.0;56.0;26;70.0;34.0;0.0;0.0;0.0;0.0;0.0;0.0;10.0;0.0
Asten;463194;16817;44.2;240;14935;1245;637;1882;564;26.0;3.1;46.7;G0743;10478;'s-Hertogenbosch;K18;12904;10831;15;16;10800;3159;1334;1186;1789;786;360;283;486;275;50;202;271;13;35;144;260.0;9;34;6;27.0;9;12.0;20.0;8.0;13.0;10.0;7;0.0;1.0;11.0;0.0;0.0;0.0;0.0;0.0;0.0;0.0
Baarle-Nassau;492016;6899;47.0;91;5119;1555;225;1780;216;10.0;3.3;46.6;G0744;10060;Tilburg;K17;5386;4249;19;3;4227;1107;404;643;714;284;155;98;243;132;24;37;132;5;5;71;108.0;4;13;0;13.0;5;5.0;0.0;3.0;7.0;5.0;0;1.0;0.0;8.0;1.0;0.0;0.0;0.0;0.0;0.0;0.0
Baarn;938739;24792;45.2;762;20184;2450;2158;4608;872;71.0;3.4;54.5;G0308;11411;Utrecht;K8;19355;15847;31;31;15785;3994;2927;1302;1426;630;814;898;684;764;587;458;433;143;217;138;39.0;54;44;22;53.0;32;18.0;22.0;14.0;26.0;0.0;19;7.0;4.0;8.0;6.0;2.0;0.0;0.0;0.0;0.0;0.0
Barendrecht;481270;48643;41.5;2463;35957;3885;8801;12686;1747;43.0;3.9;55.5;G0489;10943;Dordrecht;K14;36760;29823;48;48;29727;7638;4052;3496;2410;1378;1245;925;1582;827;1206;436;1418;1254;644;364;43.0;203;118;219;78.0;45;30.0;0.0;23.0;29.0;25.0;10;7.0;13.0;0.0;0.0;0.0;0.0;6.0;0.0;3.0;0.0
Barneveld;400189;59992;38.5;341;54544;2494;2954;5448;1930;77.0;3.2;51.2;G0203;10906;Arnhem;K7;43718;37653;40;42;37571;6863;2292;3011;5207;788;607;591;2185;499;4231;302;802;8675;351;187;497.0;48;96;33;40.0;38;41.0;42.0;17.0;13.0;19.0;11;42.0;40.0;0.0;3.0;0.0;0.0;0.0;0.0;0.0;0.0
Beek;366861;15875;47.1;755;13462;1609;804;2413;566;13.0;3.4;45.0;G0888;11374;Maastricht;K19;13072;10616;20;24;10572;2351;1382;1724;1340;701;757;371;677;392;74;135;192;5;52;166;63.0;10;38;9;20.0;19;18.0;26.0;10.0;8.0;7.0;6;5.0;0.0;13.0;0.0;0.0;1.0;0.0;0.0;0.0;0.0
Beekdaelen;393621;36065;47.0;461;30333;4436;1296;5732;1026;35.0;3.1;45.5;G1954;10104;Maastricht;K19;29403;23425;31;48;23346;4965;2687;3922;2963;1753;1781;879;1574;888;160;326;453;36;33;280;186.0;38;66;7;67.0;45;36.0;53.0;58.0;14.0;34.0;11;8.0;0.0;21.0;0.0;0.0;1.0;1.0;0.0;0.0;0.0
Beesel;324445;13450;45.6;481;11130;1520;800;2320;398;11.0;3.6;43.4;G0889;10195;Maastricht;K19;10714;8032;10;15;8007;1800;982;1443;910;580;513;276;452;203;46;98;179;8;93;147;91.0;8;27;17;19.0;7;22.0;32.0;19.0;4.0;11.0;6;5.0;0.0;7.0;0.0;0.0;0.0;2.0;0.0;0.0;0.0
Berg en Dal;452423;35010;46.3;406;29953;3528;1529;5057;1108;33.0;3.3;44.8;G1945;10616;Nijmegen;K6;28200;22977;27;31;22919;5438;3574;3024;2265;1793;1458;1393;802;1137;176;471;481;33;43;233;213.0;88;58;6;38.0;42;22.0;32.0;24.0;15.0;30.0;9;6.0;5.0;10.0;0.0;0.0;0.0;0.0;0.0;0.0;0.0
Bergeijk;517782;18754;44.7;186;16681;1561;512;2073;502;21.0;2.7;51.7;G1724;11160;'s-Hertogenbosch;K18;14877;12120;21;17;12082;3747;1348;1334;2004;737;453;369;505;332;81;223;292;25;5;174;243.0;10;34;6;31.0;14;27.0;19.0;27.0;14.0;6.0;2;7.0;1.0;12.0;0.0;0.0;0.0;0.0;0.0;0.0;0.0
Bergen (L.);455359;13108;46.2;127;11006;1697;405;2102;508;32.0;3.4;44.7;G0893;11281;Maastricht;K19;10603;8200;21;21;8158;1983;821;1475;1137;709;374;222;439;210;42;98;220;10;7;85;180.0;11;24;7;13.0;9;13.0;21.0;14.0;2.0;12.0;5;3.0;0.0;11.0;0.0;0.0;0.0;1.0;0.0;0.0;0.0
Bergen (NH.);1009989;29715;50.2;300;25643;2906;1166;4072;869;24.0;3.1;56.0;G0373;11424;Den Helder;K11;24347;20789;34;45;20710;5280;3814;1999;1828;962;1183;1073;932;1417;233;556;579;30;15;162;170.0;48;76;2;68.0;46;30.0;36.0;23.0;26.0;83.0;13;9.0;4.0;12.0;0.0;0.0;0.0;1.0;0.0;0.0;0.0
Bergen op Zoom;371105;67514;44.0;844;49785;7190;10539;17729;3445;114.0;3.9;43.3;G0748;11037;Tilburg;K17;51656;38428;74;39;38315;10464;5120;5133;3079;2586;1924;1552;1915;1215;414;527;966;68;1721;508;149.0;104;174;203;146.0;68;61.0;0.0;47.0;33.0;48.0;11;13.0;18.0;40.0;0.0;0.0;8.0;0.0;0.0;0.0;0.0
Berkelland;412973;43846;46.0;170;40288;2214;1344;3558;1003;39.0;3.0;44.6;G1859;10436;Arnhem;K7;35557;29706;33;31;29642;6706;3568;2794;4686;2096;2044;920;1301;717;427;430;675;72;93;296;2383.0;41;95;11;69.0;35;47.0;59.0;9.0;12.0;34.0;9;6.0;7.0;0.0;0.0;0.0;0.0;0.0;0.0;0.0;0.0
Bernheze;532496;31455;43.3;351;28521;1940;994;2934;918;40.0;2.9;51.6;G1721;10149;'s-Hertogenbosch;K18;24439;19799;25;22;19752;6083;2681;2008;2845;2023;641;558;741;367;112;308;463;17;48;279;261.0;31;62;9;38.0;39;31.0;37.0;10.0;12.0;9.0;6;12.0;1.0;19.0;0.0;0.0;1.0;0.0;0.0;0.0;0.0
Best;590294;30216;42.9;881;24725;3037;2454;5491;1157;38.0;3.8;51.9;G0753;10442;'s-Hertogenbosch;K18;23005;18600;25;26;18549;5372;2890;2095;1842;1314;814;709;825;458;408;412;407;52;204;238;83.0;41;78;26;34.0;42;40.0;28.0;47.0;18.0;18.0;6;6.0;8.0;31.0;0.0;0.0;3.0;0.0;0.0;0.0;0.0
Beuningen;369427;26157;43.7;599;22672;2036;1449;3485;780;29.0;3.1;48.9;G0209;10417;Nijmegen;K6;20833;16626;23;23;16580;4782;2508;2075;1537;1228;891;735;776;459;144;269;466;28;65;221;100.0;56;57;13;39.0;18;15.0;26.0;16.0;15.0;12.0;1;8.0;8.0;12.0;0.0;0.0;0.0;0.0;0.0;0.0;0.0
Beverwijk;338943;41863;41.9;2275;29894;5184;6785;11969;1796;56.0;4.1;42.6;G0375;10272;Haarlem;K10;30700;23295;41;54;23200;5121;3262;3156;1521;1723;1291;1170;1636;1029;270;401;728;35;709;334;72.0;135;123;81;92.0;63;42.0;66.0;42.0;33.0;0.0;12;15.0;0.0;17.0;4.0;11.0;0.0;6.0;0.0;0.0;0.0
Bladel;547090;20529;43.9;273;18360;1495;674;2169;646;28.0;3.0;49.1;G1728;11006;'s-Hertogenbosch;K18;16129;12977;12;16;12949;3822;1698;1467;1761;1007;515;428;608;313;86;263;304;14;18;209;179.0;20;50;1;45.0;18;28.0;23.0;24.0;3.0;15.0;9;10.0;0.0;10.0;0.0;0.0;1.0;0.0;0.0;0.0;0.0
Blaricum;1492794;11954;43.6;1076;9514;1317;1123;2440;343;20.0;3.4;102.3;G0376;10493;Haarlem;K10;8896;7692;13;8;7671;2835;1276;623;730;260;294;182;358;230;142;208;244;23;63;61;19.0;11;28;29;13.0;8;8.0;7.0;6.0;4.0;0.0;3;3.0;0.0;2.0;1.0;0.0;0.0;0.0;0.0;0.0;0.0
Bloemendaal;1187580;23478;46.3;590;18952;3249;1277;4526;945;52.0;3.6;80.6;G0377;10850;Haarlem;K10;17760;15683;24;31;15628;5054;3765;745;1370;403;697;677;422;790;249;783;311;29;23;87;21.0;50;27;3;36.0;14;13.0;17.0;8.0;11.0;0.0;8;4.0;0.0;5.0;0.0;6.0;0.0;0.0;0.0;0.0;0.0
Bodegraven-Reeuwijk;833765;35278;42.1;468;30330;2385;2563;4948;1136;58.0;3.0;54.6;G1901;11091;Leiden;K15;26786;22714;41;43;22630;5882;2728;1931;2834;746;745;661;1079;505;1611;361;708;1784;293;160;239.0;49;68;55;51.0;40;21.0;0.0;9.0;14.0;22.0;7;7.0;18.0;0.0;0.0;0.0;0.0;0.0;0.0;2.0;0.0
Boekel;448685;10959;42.0;318;10010;696;253;949;283;27.0;2.9;50.9;G0755;10432;'s-Hertogenbosch;K18;8440;6802;13;7;6782;1922;795;776;1252;540;199;163;334;160;36;72;158;2;4;61;182.0;12;23;5;11.0;10;14.0;13.0;13.0;4.0;3.0;3;2.0;3.0;9.0;0.0;0.0;1.0;0.0;0.0;0.0;0.0
Borger-Odoorn;342850;25598;46.3;93;23959;1081;558;1639;605;17.0;3.4;43.6;G1681;10448;Assen;K3;21070;16778;17;20;16741;3479;1881;2349;1628;1435;1638;517;976;570;576;180;379;122;5;175;457.0;22;55;0;44.0;22;23.0;61.0;10.0;16.0;29.0;5;79.0;8.0;0.0;0.0;0.0;0.0;0.0;0.0;0.0;0.0
Borne;357659;23668;43.0;910;21036;1486;1146;2632;601;15.0;3.2;47.8;G0147;10326;Zwolle;K4;18415;15711;26;20;15665;3898;2123;1659;3368;982;778;482;642;314;251;224;279;45;45;118;262.0;12;38;3;27.0;19;14.0;26.0;9.0;10.0;9.0;7;9.0;7.0;0.0;0.0;0.0;1.0;4.0;0.0;0.0;0.0
Borsele;319664;22818;43.1;161;20623;1500;695;2195;470;7.0;2.9;47.3;G0654;10043;Middelburg;K16;17613;14582;9;23;14550;2965;1290;1431;1946;671;588;338;763;368;498;145;408;2413;13;184;330.0;17;55;3;34.0;13;24.0;0.0;7.0;13.0;14.0;6;2.0;11.0;0.0;0.0;0.0;0.0;0.0;0.0;0.0;0.0
Boxtel;515983;32973;44.0;477;27444;2760;2769;5529;1283;43.0;3.5;46.5;G0757;10083;'s-Hertogenbosch;K18;25323;19556;29;32;19495;5250;3215;2026;2153;1691;939;884;804;656;162;361;336;25;264;171;119.0;53;46;100;48.0;32;47.0;30.0;13.0;12.0;14.0;10;4.0;4.0;26.0;0.0;0.0;0.0;0.0;0.0;0.0;0.0
Breda;520314;184126;41.6;1464;138929;21212;23985;45197;9901;296.0;3.9;44.1;G0758;10154;Tilburg;K17;140831;110855;195;180;110480;29325;22138;9612;7653;6631;5677;6513;5046;4592;1043;3330;2289;153;2059;1152;306.0;623;375;419;386.0;303;225.0;0.0;87.0;98.0;140.0;80;88.0;27.0;83.0;14.0;0.0;13.0;0.0;0.0;0.0;0.0
Brielle;462797;17439;44.7;633;14784;1613;1042;2655;707;16.0;3.4;50.7;G0501;10232;Dordrecht;K14;13892;11047;9;26;11012;3138;1381;1552;842;665;583;295;776;371;167;142;596;45;36;147;66.0;24;67;2;36.0;12;22.0;0.0;5.0;8.0;12.0;5;10.0;3.0;0.0;0.0;0.0;0.0;4.0;0.0;0.0;0.0
Bronckhorst;518910;36087;47.1;127;33874;1477;736;2213;684;40.0;2.8;49.7;G1876;11159;Arnhem;K7;29674;24699;32;31;24636;6390;3136;2119;4009;1293;1413;827;762;737;600;377;623;204;19;217;1556.0;39;66;3;42.0;26;30.0;40.0;20.0;20.0;29.0;22;8.0;8.0;0.0;1.0;0.0;0.0;0.0;0.0;0.0;0.0
Brummen;470931;20884;46.6;250;18333;1298;1253;2551;553;31.0;3.3;46.8;G0213;10798;Arnhem;K7;17081;13782;26;21;13735;3526;1990;1480;1323;919;1015;630;569;518;302;212;339;33;214;146;289.0;24;40;10;17.0;32;24.0;24.0;9.0;8.0;21.0;7;6.0;7.0;0.0;1.0;0.0;0.0;0.0;0.0;0.0;0.0
Brunssum;274971;27670;46.9;1604;21003;5087;1580;6667;1223;37.0;3.9;37.8;G0899;10533;Maastricht;K19;22558;16333;30;43;16260;2694;1358;3593;1317;1725;1386;457;1679;576;235;136;293;36;85;262;44.0;43;68;18;51.0;32;21.0;42.0;36.0;14.0;29.0;4;3.0;0.0;16.0;0.0;0.0;3.0;4.0;0.0;0.0;0.0
Bunnik;524374;15341;43.7;415;13232;1223;886;2109;453;21.0;3.0;54.5;G0312;10820;Utrecht;K8;11614;10322;6;9;10307;2453;2254;637;1100;367;587;940;225;449;336;305;174;145;31;91;67.0;46;13;0;18.0;18;9.0;14.0;4.0;5.0;0.0;2;0.0;3.0;7.0;1.0;6.0;0.0;0.0;0.0;0.0;0.0
Bunschoten;405190;22019;39.2;725;19372;1412;1235;2647;595;14.0;2.8;52.8;G0313;11343;Utrecht;K8;16079;13761;17;23;13721;2106;570;1953;2605;204;136;124;954;118;3014;77;367;1121;87;46;83.0;10;24;4;9.0;11;11.0;20.0;5.0;1.0;0.0;2;5.0;52.0;1.0;0.0;1.0;0.0;0.0;0.0;0.0;0.0
Buren;571110;27009;43.7;202;24583;1638;788;2426;694;31.0;2.8;52.8;G0214;11286;Nijmegen;K6;21356;17392;25;21;17346;4948;1906;2564;1630;767;829;446;903;563;532;213;520;819;30;131;251.0;35;70;4;53.0;26;16.0;40.0;12.0;3.0;9.0;9;4.0;5.0;8.0;0.0;0.0;0.0;0.0;0.0;0.0;0.0
Capelle aan den IJssel;449733;67319;42.9;4761;42272;7721;17326;25047;2673;54.0;5.0;42.8;G0502;11248;Leiden;K15;50963;37072;122;85;36865;7721;5102;4189;2237;2303;1966;1432;2210;1342;1518;583;1713;1879;704;484;52.0;563;230;147;88.0;89;57.0;0.0;34.0;34.0;49.0;16;64.0;31.0;0.0;13.0;0.0;0.0;0.0;0.0;15.0;0.0
Castricum;549032;36086;45.6;726;31820;2602;1664;4266;945;40.0;3.2;53.4;G0383;11287;Den Helder;K11;27119;25279;24;45;25210;6406;4919;1871;2521;1172;1464;1532;1111;1397;322;715;697;37;52;251;191.0;91;89;1;86.0;49;52.0;41.0;22.0;34.0;37.0;14;8.0;13.0;14.0;0.0;0.0;0.0;1.0;0.0;0.0;0.0
Coevorden;309963;35317;45.7;119;32065;1848;1404;3252;1085;35.0;3.8;43.3;G0109;10383;Assen;K3;28398;22543;34;34;22475;5087;2499;3103;2915;1577;1941;625;1244;611;574;246;543;150;37;229;736.0;30;76;7;52.0;26;29.0;48.0;26.0;16.0;15.0;6;11.0;14.0;0.0;0.0;0.0;0.0;0.0;0.0;2.0;0.0
Cranendonck;445316;21001;45.1;275;17214;2388;1399;3787;908;27.0;3.2;47.4;G1706;10219;'s-Hertogenbosch;K18;16178;12771;21;19;12731;3486;1380;2040;1792;928;500;320;675;314;82;192;402;16;18;161;178.0;31;41;3;27.0;23;24.0;33.0;18.0;9.0;11.0;2;4.0;8.0;13.0;0.0;0.0;0.0;0.0;0.0;0.0;0.0
Culemborg;407699;29121;42.1;994;22162;2767;4192;6959;990;14.0;3.9;46.7;G0216;10342;Nijmegen;K6;22210;18064;33;35;17996;3821;3057;1668;1334;897;1116;1410;724;850;514;490;384;150;769;173;53.0;114;46;124;63.0;40;25.0;40.0;20.0;13.0;28.0;12;51.0;5.0;5.0;0.0;0.0;0.0;0.0;0.0;0.0;0.0
Dalfsen;465030;28901;43.1;175;27114;992;795;1787;473;13.0;3.0;49.4;G0148;11007;Zwolle;K4;22525;19421;20;21;19380;4210;2217;1519;4014;827;812;499;750;353;1744;215;427;433;4;150;984.0;16;30;1;24.0;28;24.0;29.0;17.0;11.0;17.0;6;6.0;10.0;0.0;2.0;0.0;1.0;0.0;0.0;0.0;0.0
Dantumadiel;360002;18943;43.7;224;18067;422;454;876;381;8.0;3.5;42.2;G1891;10650;Leeuwarden;K2;15038;11884;15;9;11860;1316;733;1779;2262;797;754;235;1022;232;1268;101;217;632;3;52;259.0;16;44;2;26.0;20;22.0;28.0;4.0;5.0;0.0;2;4.0;23.0;0.0;0.0;0.0;0.0;0.0;1.0;0.0;1.0
De Bilt;861128;43384;44.6;656;35293;4223;3868;8091;1571;119.0;3.4;55.9;G0310;10168;Utrecht;K8;33103;28486;40;55;28391;6859;5898;1806;2271;1147;1594;1973;876;1514;1020;967;553;773;305;203;90.0;155;43;65;79.0;49;22.0;28.0;22.0;23.0;0.0;12;9.0;6.0;11.0;2.0;16.0;0.0;0.0;0.0;0.0;0.0
De Fryske Marren;392273;51778;44.5;147;47421;2401;1956;4357;1254;31.0;3.9;44.9;G1940;10022;Leeuwarden;K2;40845;33825;36;53;33736;6859;3906;3495;6034;1960;2538;961;2675;913;1105;365;772;317;47;233;1067.0;31;103;7;81.0;28;52.0;78.0;29.0;24.0;0.0;12;15.0;12.0;0.0;0.0;11.0;0.0;0.0;4.0;0.0;2.0
De Ronde Venen;707050;44720;43.9;448;36910;4003;3807;7810;1240;60.0;3.6;57.2;G0736;11379;Utrecht;K8;34757;29526;61;43;29422;8695;4546;2990;3282;957;1067;1022;1430;942;916;693;948;383;267;340;321.0;132;107;54;69.0;47;36.0;42.0;23.0;41.0;0.0;17;7.0;13.0;18.0;2.0;15.0;0.0;0.0;0.0;0.0;0.0
De Wolden;538941;24374;45.4;109;23053;774;547;1321;481;32.0;3.0;48.4;G1690;10262;Assen;K3;19655;16733;32;8;16693;4186;1848;1734;2431;786;1047;499;880;511;664;182;454;142;4;165;877.0;22;64;2;33.0;18;28.0;42.0;14.0;17.0;29.0;6;5.0;3.0;0.0;0.0;0.0;0.0;0.0;0.0;0.0;0.0
Delft;481659;103581;39.4;4573;65132;15797;22652;38449;5098;105.0;5.9;34.4;G0503;10928;Dordrecht;K14;74248;59046;127;116;58803;9822;12752;4877;3248;3185;3476;5237;2139;2854;1724;4416;1290;261;1115;433;112.0;584;318;179;194.0;190;99.0;0.0;47.0;34.0;87.0;63;21.0;33.0;0.0;0.0;0.0;0.0;6.0;0.0;7.0;0.0
Den Haag;450584;548320;39.5;6650;240767;107835;199718;307553;35110;1002.0;6.2;41.0;G0518;11434;'s-Gravenhage;K12;449253;319724;1423;530;317771;65047;56715;32209;16433;12527;17959;27504;12922;15950;6176;10440;5442;1544;18810;2455;363.0;4541;4329;2687;936.0;846;372.0;331.0;265.0;256.0;0.0;215;175.0;0.0;0.0;87.0;139.0;96.0;0.0;0.0;0.0;0.0
Den Helder;264545;56582;44.6;1250;44743;5571;6268;11839;2892;65.0;3.9;38.6;G0400;10285;Den Helder;K11;44777;32501;67;70;32364;7725;3336;5328;3075;2077;1709;976;2732;1139;932;409;868;218;117;520;180.0;130;253;20;126.0;83;59.0;112.0;51.0;44.0;44.0;9;39.0;19.0;31.0;1.0;0.0;0.0;2.0;0.0;0.0;0.0
Deurne;519940;32437;44.0;277;29165;1971;1301;3272;1099;50.0;3.1;46.6;G0762;10379;'s-Hertogenbosch;K18;25545;20029;26;37;19966;5773;2298;2415;2938;1611;732;626;911;466;138;256;545;20;79;284;503.0;28;77;5;47.0;48;36.0;40.0;13.0;12.0;20.0;13;3.0;3.0;25.0;0.0;0.0;1.0;0.0;0.0;0.0;0.0
Deventer;444640;101236;41.8;775;78328;9344;13564;22908;4169;184.0;4.0;41.5;G0150;10899;Zwolle;K4;79181;61428;138;109;61181;11527;11110;5182;4401;4147;4788;4457;2444;2760;1624;1864;907;183;1948;534;1863.0;322;157;70;214.0;156;91.0;116.0;46.0;46.0;83.0;34;59.0;22.0;0.0;4.0;0.0;8.0;14.0;0.0;0.0;0.0
Diemen;460169;31334;39.1;2613;16043;5631;9660;15291;1582;41.0;5.0;41.4;G0384;11039;Haarlem;K10;22280;16374;46;45;16283;2984;3074;1408;765;869;1193;1456;642;843;273;682;384;37;441;156;20.0;637;79;98;51.0;60;34.0;18.0;24.0;10.0;0.0;17;7.0;0.0;5.0;8.0;7.0;0.0;1.0;0.0;0.0;0.0
Dijk en Waard;384425;86722;41.5;1397;70160;7156;9406;16562;2952;98.0;3.4;47.7;G0398G0416;21707;Den HelderDen Helder;K11K11;65603;51599;116;85;51398;13395;7620;5185;4823;3183;2685;2268;3447;1905;1184;907;1427;151;533;656;440.0;181;350;91;243.0;128;119.0;156.0;60.0;56.0;62.0;37;22.0;32.0;41.0;6.0;0.0;0.0;5.0;0.0;0.0;0.0
Dinkelland;434549;26606;44.0;151;24444;1549;613;2162;408;5.0;3.0;51.3;G1774;10245;Zwolle;K4;21226;18034;25;12;17997;4894;1477;1792;5627;554;463;296;598;261;119;218;415;24;8;111;1003.0;8;25;6;18.0;11;11.0;28.0;7.0;8.0;5.0;4;2.0;2.0;0.0;0.0;0.0;0.0;2.0;0.0;0.0;0.0
Doesburg;405159;11064;47.3;960;8780;1069;1215;2284;303;9.0;4.4;40.2;G0221;10327;Arnhem;K7;9092;7058;7;11;7040;1369;1065;917;582;716;539;353;377;266;133;122;134;13;201;54;57.0;15;19;10;22.0;23;8.0;13.0;3.0;4.0;11.0;1;9.0;4.0;0.0;0.0;0.0;0.0;0.0;0.0;0.0;0.0
Doetinchem;359513;58270;43.5;737;49574;4324;4372;8696;2294;46.0;4.2;42.8;G0222;10396;Arnhem;K7;46245;36309;51;57;36201;8313;5424;4167;3972;2912;2328;1522;1841;1082;841;573;757;373;454;422;542.0;82;121;60;122.0;82;45.0;56.0;20.0;24.0;24.0;16;11.0;15.0;0.0;0.0;0.0;0.0;0.0;0.0;0.0;0.0
Dongen;429756;26368;43.7;902;22583;1950;1835;3785;671;30.0;2.9;47.2;G0766;11412;Tilburg;K17;20776;16289;25;24;16240;4757;2436;1881;1669;1184;859;558;650;448;219;184;359;48;294;219;159.0;24;65;9;41.0;42;29.0;0.0;18.0;25.0;18.0;7;14.0;5.0;18.0;0.0;0.0;1.0;0.0;0.0;0.0;0.0
Dordrecht;349651;119115;42.4;1517;82136;13933;23046;36979;5480;89.0;4.7;42.5;G0505;11157;Dordrecht;K14;90249;66728;155;141;66432;13496;9197;7548;4219;4360;3680;3379;3489;3004;3405;1202;1639;2012;2860;855;130.0;522;283;278;246.0;163;97.0;0.0;61.0;62.0;74.0;47;36.0;74.0;0.0;0.0;0.0;0.0;12.0;0.0;2.0;0.0
Drechterland;492517;19838;43.2;337;17609;1418;811;2229;552;14.0;3.0;50.0;G0498;10642;Den Helder;K11;15279;12760;21;22;12717;3605;1770;1303;1586;676;533;440;791;427;112;212;532;22;18;150;244.0;24;53;6;42.0;20;28.0;42.0;17.0;18.0;17.0;10;6.0;4.0;8.0;0.0;0.0;0.0;1.0;0.0;0.0;0.0
Drimmelen;442892;27325;45.0;287;24496;1947;882;2829;783;21.0;2.9;49.3;G1719;10258;Tilburg;K17;21788;17376;16;22;17338;5441;2109;2368;1741;1270;801;478;951;509;152;243;419;43;20;221;294.0;24;62;12;37.0;22;30.0;0.0;18.0;22.0;13.0;11;10.0;3.0;12.0;0.0;0.0;2.0;0.0;0.0;0.0;0.0
Dronten;339872;42011;41.6;126;34474;3758;3779;7537;1272;33.0;3.4;45.0;G0303;10210;Lelystad;K5;31359;25409;27;37;25345;6225;2865;2654;3334;1375;981;877;1611;710;1649;361;857;335;228;242;548.0;61;109;29;98.0;51;32.0;0.0;33.0;21.0;0.0;7;22.0;25.0;0.0;1.0;0.0;4.0;0.0;0.0;0.0;0.0
Druten;422968;18991;43.5;505;16518;1253;1220;2473;459;17.0;3.8;47.4;G0225;10068;Nijmegen;K6;15056;11848;22;12;11814;3492;1672;1462;1241;1036;616;385;482;262;81;177;273;15;142;144;142.0;16;41;7;17.0;13;19.0;23.0;11.0;10.0;6.0;4;8.0;4.0;13.0;0.0;0.0;0.0;0.0;0.0;0.0;0.0
Duiven;415810;25066;43.9;739;21278;2134;1654;3788;655;17.0;3.6;47.1;G0226;11028;Arnhem;K7;20038;16349;27;30;16292;4589;2471;1857;1749;1074;925;628;724;512;301;258;506;36;56;198;114.0;39;84;5;44.0;17;22.0;32.0;15.0;11.0;10.0;6;6.0;3.0;0.0;0.0;0.0;0.0;0.0;0.0;0.0;0.0
Echt-Susteren;343659;31751;47.2;308;26087;4233;1431;5664;1193;34.0;3.2;44.5;G1711;10941;Maastricht;K19;25760;19818;28;19;19771;3983;2008;4059;2824;1333;1348;632;1342;642;137;204;363;18;67;262;188.0;29;57;18;58.0;34;21.0;50.0;23.0;16.0;19.0;8;8.0;0.0;16.0;0.0;0.0;1.0;3.0;0.0;0.0;0.0
Edam-Volendam;484999;36268;43.2;668;32736;1648;1884;3532;814;26.0;3.1;54.4;G0385;10884;Den Helder;K11;28786;24295;47;19;24229;4871;2088;5885;3214;769;808;616;1973;803;206;381;1597;43;81;177;243.0;71;103;20;58.0;50;26.0;44.0;25.0;20.0;20.0;7;3.0;11.0;12.0;0.0;0.0;0.0;4.0;0.0;0.0;0.0
Ede;480573;118530;40.8;373;99379;8536;10615;19151;4958;226.0;3.7;47.0;G0228;10743;Arnhem;K7;89676;74626;118;91;74417;14348;8129;6093;7977;2467;2539;3059;3638;2165;7862;1241;1584;9226;1582;565;540.0;223;159;214;174.0;103;97.0;130.0;47.0;50.0;57.0;26;63.0;54.0;0.0;5.0;0.0;0.0;0.0;0.0;0.0;0.0
Eemnes;848845;9362;43.7;302;8041;718;603;1321;311;9.0;3.4;53.7;G0317;10248;Utrecht;K8;7315;6321;12;10;6299;1934;998;600;636;263;299;221;277;271;176;157;217;34;6;47;58.0;18;17;1;14.0;16;8.0;11.0;4.0;6.0;0.0;1;2.0;1.0;3.0;0.0;3.0;0.0;0.0;0.0;0.0;0.0
Eemsdelta;261772;45587;45.9;170;38479;3224;3884;7108;1708;66.0;4.2;38.6;G1979;10976;Groningen;K1;36493;26887;48;47;26792;3971;2689;3467;3129;3505;2817;904;1495;830;1560;231;389;211;320;288;537.0;63;69;14;69.0;35;22.0;57.0;18.0;18.0;0.0;8;20.0;17.0;30.0;4.0;5.0;0.0;0.0;0.0;0.0;0.0
Eersel;596052;19528;44.6;237;17580;1293;655;1948;616;16.0;2.9;53.0;G0770;10741;'s-Hertogenbosch;K18;15594;12695;10;25;12660;3886;1853;1139;1904;762;490;437;425;348;108;427;267;12;11;155;191.0;8;48;4;32.0;21;26.0;25.0;19.0;20.0;10.0;11;5.0;1.0;13.0;0.0;0.0;2.0;0.0;0.0;0.0;0.0
Eijsden-Margraten;446080;25900;45.9;334;22389;2750;761;3511;640;27.0;2.8;50.8;G1903;11243;Maastricht;K19;20707;17162;34;43;17085;4307;2487;2069;2296;924;1562;738;730;635;109;306;350;21;17;188;113.0;15;28;2;42.0;21;24.0;26.0;15.0;22.0;20.0;5;1.0;0.0;11.0;0.0;0.0;1.0;0.0;0.0;0.0;0.0
Eindhoven;488761;235691;40.4;2689;144903;37145;53643;90788;15001;364.0;4.6;39.5;G0772;11298;'s-Hertogenbosch;K18;164596;123651;276;316;123059;24311;23398;11861;7646;8946;6561;9244;5848;5564;1736;5782;1959;251;3902;1535;188.0;1015;499;562;406.0;454;233.0;190.0;209.0;103.0;187.0;98;56.0;61.0;165.0;0.0;0.0;89.0;0.0;0.0;0.0;0.0
Elburg;360230;23429;41.4;367;21845;845;739;1584;635;20.0;3.2;46.3;G0230;11113;Arnhem;K7;17956;15152;131;16;15005;2690;835;1608;2169;508;390;245;688;233;2584;83;321;2212;9;90;176.0;15;29;1;21.0;9;13.0;31.0;4.0;7.0;9.0;4;5.0;15.0;0.0;1.0;0.0;0.0;0.0;0.0;0.0;0.0
Emmen;316831;107024;44.9;319;93657;7476;5891;13367;4365;120.0;4.1;39.6;G0114;11180;Assen;K3;85911;64761;120;89;64552;11658;6371;11938;7033;6227;5750;1830;4516;1663;1865;646;1288;319;322;918;971.0;118;243;42;150.0;99;105.0;198.0;63.0;57.0;44.0;31;38.0;42.0;0.0;0.0;0.0;0.0;0.0;0.0;7.0;0.0
Enkhuizen;318229;18637;43.6;1470;15458;1779;1400;3179;801;12.0;3.7;44.0;G0388;10729;Den Helder;K11;14298;11305;24;19;11262;2373;1837;1286;880;907;723;453;738;505;237;202;332;153;143;124;54.0;40;71;7;54.0;26;25.0;23.0;5.0;16.0;23.0;5;4.0;4.0;10.0;0.0;0.0;0.0;2.0;0.0;0.0;0.0
Enschede;330630;159732;40.9;1134;110807;20561;28364;48925;8387;207.0;5.1;35.5;G0153;10364;Zwolle;K4;120141;90423;206;176;90041;15071;12361;12150;10162;6145;5896;4908;6263;2851;2845;3547;1607;363;2437;722;529.0;448;282;202;243.0;306;139.0;140.0;65.0;68.0;83.0;56;32.0;44.0;0.0;15.0;0.0;14.0;47.0;0.0;0.0;0.0
Epe;615214;33198;45.7;213;29290;2021;1887;3908;902;34.0;3.5;47.1;G0232;10940;Arnhem;K7;26733;21717;29;31;21657;5365;2424;2299;2508;1063;1332;665;992;692;1329;263;501;913;297;225;420.0;31;44;13;52.0;33;19.0;43.0;15.0;12.0;18.0;11;56.0;22.0;0.0;0.0;0.0;0.0;0.0;0.0;0.0;0.0
Ermelo;385561;27016;44.4;315;23954;1620;1442;3062;922;40.0;3.3;49.1;G0233;10732;Arnhem;K7;21269;17718;24;27;17667;3583;1817;1489;2672;631;613;568;890;575;2235;235;462;1285;70;138;143.0;31;50;6;35.0;18;16.0;26.0;16.0;12.0;14.0;6;7.0;22.0;0.0;2.0;0.0;0.0;0.0;0.0;0.0;0.0
Etten-Leur;420823;43869;43.0;793;35215;4259;4395;8654;1707;44.0;3.5;46.2;G0777;10750;Tilburg;K17;33511;25699;45;34;25620;7581;3443;3280;2426;1806;1319;989;1291;636;273;341;658;32;471;342;170.0;69;92;115;90.0;35;38.0;0.0;28.0;21.0;19.0;9;15.0;10.0;20.0;0.0;0.0;1.0;0.0;0.0;0.0;0.0
Geertruidenberg;467284;21770;43.7;817;19390;1422;958;2380;802;19.0;3.0;46.3;G0779;10101;Tilburg;K17;17247;13240;21;19;13200;3855;1416;2087;1231;1149;673;346;813;335;141;147;335;26;39;201;116.0;25;57;5;69.0;23;21.0;0.0;15.0;21.0;11.0;5;15.0;3.0;19.0;0.0;0.0;1.0;0.0;0.0;0.0;0.0
Geldrop-Mierlo;439552;40066;43.9;1292;32667;3973;3426;7399;1601;58.0;3.7;46.7;G1771;10529;'s-Hertogenbosch;K18;31024;24843;48;39;24756;6067;3876;3122;2503;1948;1259;1175;1313;865;319;559;502;45;216;322;77.0;75;88;39;74.0;56;41.0;55.0;38.0;17.0;31.0;17;20.0;3.0;30.0;0.0;0.0;4.0;0.0;0.0;0.0;0.0
Gemert-Bakel;565587;30760;42.9;252;27256;2420;1084;3504;978;36.0;3.0;46.3;G1652;10277;'s-Hertogenbosch;K18;23600;18778;35;26;18717;4810;2280;2338;3428;1541;652;585;780;504;103;254;386;9;27;222;506.0;33;51;5;45.0;24;26.0;46.0;11.0;16.0;7.0;5;3.0;1.0;19.0;0.0;0.0;0.0;0.0;0.0;0.0;0.0
Gennep;450277;17035;45.9;358;14540;1746;749;2495;556;20.0;3.4;45.0;G0907;10542;Maastricht;K19;13674;10449;23;25;10401;2552;1396;1291;1341;1021;644;395;475;355;84;160;215;9;61;91;116.0;26;18;4;40.0;30;10.0;22.0;10.0;3.0;9.0;7;9.0;0.0;6.0;0.0;0.0;1.0;0.0;0.0;0.0;0.0
Gilze en Rijen;423707;26723;43.3;409;21806;2159;2758;4917;991;26.0;3.3;46.0;G0784;11375;Tilburg;K17;20316;16102;36;16;16050;4452;2173;1899;1655;1273;870;596;839;417;118;250;389;19;345;268;162.0;34;44;24;49.0;28;35.0;0.0;26.0;16.0;11.0;9;21.0;5.0;19.0;0.0;0.0;4.0;0.0;0.0;0.0;0.0
Goeree-Overflakkee;434366;50589;43.7;194;46871;2186;1532;3718;1431;44.0;2.8;48.4;G1924;11067;Dordrecht;K14;40054;33088;56;36;32996;6954;2179;4025;3311;1376;1501;601;1991;808;2567;279;1050;5279;20;350;204.0;39;175;4;68.0;50;42.0;0.0;22.0;25.0;27.0;12;5.0;19.0;0.0;0.0;0.0;0.0;9.0;0.0;4.0;0.0
Goes;419168;38594;44.9;417;32083;3349;3162;6511;1730;27.0;3.6;43.1;G0664;10674;Middelburg;K16;30538;23992;43;31;23918;5192;3130;2067;2693;1319;1638;975;1258;895;1242;302;607;1534;130;306;205.0;88;84;27;57.0;55;27.0;0.0;20.0;22.0;26.0;9;6.0;3.0;0.0;0.0;0.0;1.0;0.0;0.0;0.0;0.0
Goirle;501675;23952;44.2;557;21139;1647;1166;2813;757;40.0;3.0;48.9;G0785;10971;Tilburg;K17;18782;15151;20;24;15107;4247;2762;1546;1410;1232;777;688;675;502;94;270;312;8;78;191;52.0;30;53;10;41.0;22;25.0;0.0;10.0;21.0;15.0;8;6.0;2.0;18.0;0.0;0.0;2.0;0.0;0.0;0.0;0.0
Gooise Meren;829071;58524;42.9;1407;45639;7354;5531;12885;2510;153.0;3.4;60.1;G1942;10281;Haarlem;K10;42981;36722;63;71;36588;10247;8765;2231;3002;1205;1748;1784;1348;1679;591;1562;838;107;342;254;115.0;114;85;122;100.0;112;53.0;33.0;34.0;51.0;0.0;17;12.0;0.0;18.0;3.0;15.0;0.0;1.0;0.0;0.0;0.0
Gorinchem;464046;37410;41.9;1987;27366;3780;6264;10044;1525;51.0;4.4;43.9;G0512;10942;Dordrecht;K14;28184;21864;82;35;21747;4907;3185;2259;1549;1312;1283;929;1208;706;1103;402;535;497;1031;207;49.0;94;82;138;61.0;40;25.0;0.0;52.0;22.0;17.0;10;12.0;25.0;0.0;0.0;0.0;0.0;4.0;0.0;3.0;0.0
Gouda;361603;73681;42.1;4466;53984;6903;12794;19697;3391;137.0;4.6;43.5;G0513;10302;Leiden;K15;55733;44473;93;90;44290;7546;7238;3960;3136;2294;2621;2796;1913;1988;3029;1161;1090;1940;1746;507;112.0;217;152;314;143.0;105;51.0;0.0;30.0;45.0;48.0;32;38.0;26.0;0.0;8.0;0.0;0.0;0.0;0.0;4.0;0.0
Groningen;363894;233273;38.5;1257;174995;29771;28507;58278;11370;354.0;6.0;32.3;G0014;10426;Groningen;K1;178904;146229;280;235;145714;19897;33442;8254;8155;11076;12164;15278;5401;8744;5762;8042;2200;668;719;794;588.0;1702;419;214;531.0;579;283.0;194.0;100.0;132.0;0.0;111;65.0;56.0;62.0;38.0;44.0;0.0;0.0;0.0;0.0;0.0
Gulpen-Wittem;468941;14206;49.1;194;12185;1642;379;2021;437;14.0;3.2;44.8;G1729;11032;Maastricht;K19;11812;9702;11;9;9682;2026;1053;1412;1697;621;790;416;455;367;90;154;167;26;10;120;153.0;13;13;1;18.0;15;9.0;11.0;13.0;5.0;12.0;6;3.0;0.0;5.0;0.0;0.0;0.0;1.0;0.0;0.0;0.0
Haaksbergen;546158;24229;45.4;231;21175;1611;1443;3054;525;27.0;3.4;46.6;G0158;11435;Zwolle;K4;19407;16094;35;31;16028;3772;1973;1724;3535;947;698;362;704;327;179;203;363;38;226;131;651.0;24;48;3;30.0;16;14.0;20.0;10.0;6.0;6.0;3;3.0;3.0;0.0;3.0;0.0;3.0;3.0;0.0;0.0;0.0
Haarlem;548556;162543;41.0;5572;111507;23807;27229;51036;7412;166.0;4.2;45.3;G0392;10357;Haarlem;K10;116791;94270;332;138;93800;16491;21519;6865;4356;5155;6443;8780;3593;6136;1427;4571;1604;212;2734;823;122.0;1051;288;270;330.0;286;107.0;248.0;77.0;97.0;0.0;57;30.0;0.0;61.0;15.0;35.0;0.0;17.0;0.0;0.0;0.0
Haarlemmermeer;512579;157789;41.3;799;111179;18551;28059;46610;6001;241.0;4.7;51.7;G0394;11387;Haarlem;K10;114623;91180;190;172;90818;25857;13710;10562;7863;4015;4007;3571;4725;3218;2174;1850;2859;628;1571;1216;288.0;667;378;391;298.0;201;204.0;216.0;99.0;70.0;0.0;46;45.0;0.0;51.0;15.0;15.0;0.0;8.0;0.0;0.0;0.0
Halderberge;441338;30430;45.2;409;25437;2483;2510;4993;1082;43.0;3.3;45.5;G1655;10397;Tilburg;K17;28173;17877;35;20;17822;5517;2002;2881;1716;1374;734;477;961;364;161;197;457;21;276;232;153.0;29;78;23;38.0;25;27.0;0.0;17.0;12.0;11.0;7;8.0;8.0;13.0;1.0;0.0;2.0;0.0;0.0;0.0;0.0
Hardenberg;381815;61357;41.7;196;56931;2343;2083;4426;1562;54.0;3.1;45.4;G0160;10174;Zwolle;K4;47554;39349;70;43;39236;7433;2941;4398;7721;1913;1618;773;2233;602;4594;386;847;743;31;506;1976.0;39;122;6;67.0;36;57.0;75.0;28.0;16.0;21.0;8;15.0;23.0;0.0;0.0;0.0;6.0;2.0;0.0;0.0;0.0
Harderwijk;414609;48726;41.4;1253;39263;3450;6013;9463;1773;41.0;3.8;45.9;G0243;10786;Arnhem;K7;36543;29633;50;46;29537;7162;3611;2695;3536;1085;1128;1107;1337;865;3032;436;800;744;1016;184;220.0;72;88;73;74.0;55;48.0;50.0;19.0;21.0;40.0;10;9.0;19.0;0.0;1.0;0.0;0.0;0.0;0.0;0.0;0.0
Hardinxveld-Giessendam;375247;18413;40.1;1089;16984;673;756;1429;464;7.0;2.9;48.8;G0523;10167;Dordrecht;K14;13818;11690;13;1;11676;2041;584;1045;1237;346;459;141;609;184;2034;71;262;2335;34;83;58.0;6;26;12;16.0;17;16.0;0.0;7.0;8.0;9.0;3;4.0;24.0;0.0;0.0;0.0;0.0;5.0;0.0;0.0;0.0
Harlingen;315360;15807;45.7;633;13800;1250;757;2007;426;4.0;4.1;39.0;G0072;10909;Leeuwarden;K2;12546;9956;9;20;9927;1956;1101;1285;1202;820;941;338;666;449;347;136;220;62;11;130;79.0;24;33;7;23.0;25;11.0;17.0;8.0;4.0;0.0;5;10.0;8.0;0.0;0.0;4.0;0.0;0.0;4.0;0.0;1.0
Hattem;486230;12228;43.3;530;11203;561;464;1025;325;16.0;3.1;50.6;G0244;10673;Arnhem;K7;9488;8111;13;6;8092;1501;1022;607;1140;378;616;284;308;197;1398;122;145;169;28;42;55.0;9;8;4;18.0;7;4.0;4.0;3.0;7.0;11.0;3;0.0;2.0;0.0;0.0;0.0;0.0;0.0;0.0;0.0;0.0
Heemskerk;409271;39191;44.6;1433;30929;3707;4555;8262;1306;66.0;3.8;46.1;G0396;10679;Haarlem;K10;30743;24093;49;38;24006;5802;3571;2799;2237;1608;1412;1181;1463;999;347;419;662;57;364;337;127.0;86;122;52;91.0;42;51.0;72.0;24.0;37.0;0.0;7;4.0;0.0;25.0;0.0;4.0;0.0;4.0;0.0;0.0;0.0
Heemstede;794057;27545;45.7;3001;21862;3637;2046;5683;1047;47.0;3.4;64.2;G0397;11288;Haarlem;K10;20624;18013;19;11;17983;5634;4401;913;1422;578;866;940;449;840;241;829;386;30;57;132;10.0;55;36;12;33.0;20;20.0;21.0;18.0;13.0;0.0;10;5.0;0.0;4.0;0.0;8.0;0.0;0.0;0.0;0.0;0.0
Heerde;542326;18776;44.7;238;17549;651;576;1227;387;19.0;2.9;48.9;G0246;10291;Arnhem;K7;14931;12241;23;18;12200;2399;1087;1338;1914;547;669;347;555;303;1799;124;225;423;32;94;209.0;10;27;3;20.0;7;14.0;23.0;3.0;4.0;4.0;1;1.0;18.0;0.0;0.0;0.0;0.0;0.0;0.0;0.0;0.0
Heerenveen;372575;50650;43.8;266;44366;2786;3498;6284;1522;34.0;4.0;43.3;G0074;10680;Leeuwarden;K2;39975;32096;61;56;31979;6262;4687;3018;3382;2521;3350;1403;2139;1198;1066;501;576;129;223;255;636.0;76;123;32;88.0;63;55.0;65.0;20.0;31.0;0.0;10;27.0;21.0;0.0;0.0;7.0;0.0;0.0;13.0;0.0;2.0
Heerlen;268732;86936;45.5;1934;61304;15903;9729;25632;5047;149.0;4.5;34.9;G0917;10902;Maastricht;K19;68784;47800;559;114;47127;7298;4737;9474;3393;5713;3297;1965;4607;2094;376;609;682;75;681;771;118.0;187;179;113;134.0;146;52.0;108.0;63.0;45.0;95.0;13;20.0;0.0;61.0;0.0;0.0;11.0;10.0;0.0;0.0;0.0
Heeze-Leende;618858;16243;45.8;156;14404;1261;578;1839;502;26.0;2.9;54.5;G1658;10462;'s-Hertogenbosch;K18;12987;10900;9;23;10868;3340;1769;1056;1409;647;441;394;417;340;117;241;237;4;13;106;156.0;11;37;4;40.0;11;12.0;14.0;12.0;6.0;19.0;4;0.0;1.0;9.0;0.0;0.0;1.0;0.0;0.0;0.0;0.0
Heiloo;691063;24144;46.5;1291;21018;1937;1189;3126;706;38.0;3.4;52.6;G0399;10793;Den Helder;K11;19229;16910;23;20;16867;4504;3549;1075;1533;753;1030;981;643;948;274;468;447;32;35;141;86.0;44;48;7;77.0;49;20.0;18.0;17.0;17.0;34.0;11;11.0;6.0;9.0;0.0;0.0;0.0;0.0;0.0;0.0;0.0
Hellendoorn;354764;35932;43.7;261;33366;1454;1112;2566;732;31.0;2.9;46.5;G0163;10806;Zwolle;K4;28457;24140;35;22;24083;5412;2700;2193;5618;1312;932;624;1068;443;1192;283;519;182;41;181;1003.0;32;96;9;45.0;34;19.0;40.0;14.0;8.0;12.0;7;41.0;20.0;0.0;1.0;0.0;0.0;2.0;0.0;0.0;0.0
Hellevoetsluis;355033;40312;43.9;981;32378;3807;4127;7934;1446;44.0;3.8;46.4;G0530;11078;Dordrecht;K14;31627;23699;31;40;23628;5932;2528;3910;1504;1634;1235;621;2169;822;427;279;1079;93;348;382;104.0;88;133;35;89.0;50;36.0;0.0;28.0;23.0;18.0;18;12.0;19.0;0.0;0.0;0.0;0.0;8.0;0.0;4.0;0.0
Helmond;455026;92627;41.5;1742;66186;13603;12838;26441;4832;202.0;4.1;42.4;G0794;10932;'s-Hertogenbosch;K18;67212;47993;85;80;47828;11443;5905;7835;3819;4252;2008;1975;3282;1377;372;876;969;59;1487;682;157.0;145;262;236;146.0;96;91.0;89.0;61.0;36.0;44.0;20;23.0;16.0;58.0;0.0;0.0;7.0;0.0;0.0;0.0;0.0
Hendrik-Ido-Ambacht;423463;31258;39.7;2946;26481;1995;2782;4777;941;22.0;3.2;52.7;G0531;10416;Dordrecht;K14;23105;19271;22;30;19219;4799;2019;1993;1642;865;652;478;1066;439;1281;161;667;2400;186;170;41.0;58;71;56;40.0;25;24.0;0.0;18.0;14.0;9.0;7;16.0;12.0;0.0;0.0;0.0;0.0;9.0;0.0;1.0;0.0
Hengelo;292292;81049;43.1;1332;61752;7941;11356;19297;3577;132.0;3.9;40.6;G0164;10907;Zwolle;K4;63414;49573;105;100;49368;9759;7143;5296;6989;3971;3221;2303;2783;1637;1127;1166;1139;180;864;436;415.0;188;164;36;136.0;107;56.0;80.0;28.0;25.0;31.0;21;23.0;34.0;0.0;5.0;0.0;0.0;5.0;0.0;0.0;0.0
Het Hogeland;262380;47834;45.0;99;43994;2182;1658;3840;1178;31.0;3.4;40.7;G1966;10246;Groningen;K1;38135;30718;39;59;30620;4260;3413;2771;4296;2903;2960;1483;1427;1326;2824;438;461;404;29;253;831.0;100;90;8;103.0;56;24.0;48.0;21.0;16.0;0.0;4;8.0;19.0;33.0;0.0;11.0;0.0;0.0;0.0;0.0;0.0
Heumen;449482;16569;45.7;417;14227;1493;849;2342;537;17.0;3.5;51.6;G0252;10600;Nijmegen;K6;13212;11264;27;13;11224;2900;2121;920;1245;738;743;771;318;440;138;270;221;8;17;103;96.0;33;15;7;38.0;18;11.0;17.0;7.0;9.0;5.0;3;3.0;3.0;6.0;0.0;0.0;0.0;0.0;0.0;0.0;0.0
Heusden;569563;45005;43.6;571;38345;3646;3014;6660;1248;44.0;3.2;48.9;G0797;10307;'s-Hertogenbosch;K18;34890;28275;45;26;28204;8351;3909;3619;3073;2100;1036;848;1368;746;324;479;712;48;382;371;233.0;30;112;44;77.0;55;61.0;84.0;33.0;17.0;30.0;10;18.0;4.0;28.0;0.0;0.0;2.0;0.0;0.0;0.0;0.0
Hillegom;491672;22197;43.4;1725;17955;2661;1581;4242;645;12.0;3.5;47.5;G0534;11236;Leiden;K15;16713;13790;27;19;13744;3695;2101;1670;1315;607;630;505;773;578;213;282;535;85;122;225;67.0;30;81;14;48.0;34;22.0;0.0;21.0;22.0;56.0;8;2.0;1.0;0.0;1.0;0.0;0.0;0.0;0.0;1.0;0.0
Hilvarenbeek;653266;15698;44.8;166;14366;917;415;1332;422;19.0;2.6;52.2;G0798;11297;Tilburg;K17;12563;10640;10;12;10618;3347;1830;819;1536;667;429;399;305;294;71;180;255;9;5;130;182.0;19;32;1;23.0;10;24.0;0.0;7.0;9.0;12.0;4;1.0;1.0;14.0;0.0;0.0;3.0;0.0;0.0;0.0;0.0
Hilversum;657614;91235;41.8;2000;64046;12931;14258;27189;3922;142.0;4.3;47.7;G0402;11285;Haarlem;K10;65290;52644;125;99;52420;11339;11147;4639;3358;2736;2942;3603;2163;2741;1413;1812;1037;255;1141;497;109.0;440;143;181;194.0;153;65.0;66.0;50.0;80.0;0.0;42;17.0;0.0;31.0;3.0;19.0;0.0;4.0;0.0;0.0;0.0
Hoeksche Waard;431530;88047;44.1;327;79435;4817;3795;8612;2349;46.0;3.5;51.3;G1963;10222;Dordrecht;K14;69784;57556;57;58;57441;13773;6232;6628;5693;3011;2720;1445;3409;1812;2872;660;2477;4771;78;654;334.0;86;247;23;153.0;92;75.0;0.0;49.0;41.0;40.0;13;18.0;17.0;0.0;0.0;0.0;0.0;12.0;0.0;6.0;0.0
Hof van Twente;428018;35040;45.9;165;31722;1992;1326;3318;756;40.0;2.9;49.0;G1735;10076;Zwolle;K4;28184;23795;29;37;23729;6058;2755;2325;5021;1150;1318;556;1034;434;339;312;604;118;105;196;1117.0;29;50;8;52.0;28;21.0;37.0;7.0;16.0;14.0;6;5.0;12.0;0.0;1.0;0.0;0.0;1.0;0.0;0.0;0.0
Hollands Kroon;365966;48583;43.4;136;42500;4311;1772;6083;1118;22.0;3.2;45.9;G1911;10344;Den Helder;K11;37210;29659;35;46;29578;7740;3250;3797;3474;1806;1479;842;2091;870;541;460;1017;143;36;373;863.0;54;186;9;96.0;55;59.0;91.0;89.0;41.0;35.0;17;21.0;12.0;27.0;1.0;0.0;0.0;3.0;0.0;0.0;0.0
Hoogeveen;335020;55603;43.2;436;49308;3258;3037;6295;2061;74.0;3.5;40.8;G0118;10839;Assen;K3;43427;34017;70;44;33903;5814;2715;5587;4917;2398;2064;848;2600;689;2430;280;754;700;119;369;665.0;48;142;16;83.0;49;234.0;127.0;33.0;14.0;36.0;22;94.0;53.0;0.0;0.0;0.0;0.0;0.0;0.0;3.0;0.0
Hoorn;391943;73619;42.1;3612;55429;7127;11063;18190;3062;76.0;4.2;44.0;G0405;11392;Den Helder;K11;55736;42518;102;69;42347;9787;7127;4243;2999;2829;2689;2301;2725;1991;643;935;1129;105;693;578;146.0;393;190;87;176.0;122;83.0;103.0;57.0;51.0;53.0;17;17.0;17.0;39.0;11.0;0.0;0.0;11.0;0.0;0.0;0.0
Horst aan de Maas;382184;42487;44.6;225;37263;3924;1300;5224;1403;56.0;2.9;47.9;G1507;11108;Maastricht;K19;33063;26659;32;60;26567;6453;3547;3244;4691;1976;1259;951;1156;693;154;440;654;27;33;373;539.0;38;58;5;43.0;40;51.0;37.0;17.0;17.0;22.0;25;11.0;0.0;13.0;0.0;0.0;0.0;0.0;0.0;0.0;0.0
Houten;475014;50223;40.6;914;42003;3776;4444;8220;1499;106.0;3.3;54.3;G0321;10230;Utrecht;K8;37539;31642;58;66;31518;7999;6080;2420;2701;1310;1578;2081;933;1032;1951;866;769;671;162;320;96.0;144;68;30;92.0;51;36.0;37.0;23.0;18.0;0.0;12;10.0;16.0;8.0;1.0;3.0;0.0;0.0;0.0;0.0;0.0
Huizen;608690;41090;45.1;2599;32237;4118;4735;8853;1202;46.0;4.0;50.7;G0406;11170;Haarlem;K10;32227;26151;38;40;26073;6711;4037;2469;2689;1175;1131;950;1229;1002;1531;552;741;495;402;270;85.0;90;64;110;80.0;53;35.0;49.0;27.0;35.0;0.0;21;13.0;0.0;12.0;1.0;12.0;0.0;2.0;0.0;0.0;0.0
Hulst;312813;27575;46.9;137;19497;7148;930;8078;885;48.0;3.3;43.7;G0677;11408;Middelburg;K16;19964;15078;26;15;15037;3997;1581;2094;2003;1051;883;422;872;423;152;147;440;28;18;302;349.0;11;56;8;48.0;29;11.0;0.0;13.0;17.0;56.0;9;5.0;10.0;0.0;0.0;0.0;2.0;0.0;0.0;0.0;0.0
IJsselstein;425413;33819;42.1;1605;26738;2474;4607;7081;1052;41.0;3.6;51.0;G0353;10152;Utrecht;K8;25977;20813;34;32;20747;5938;3428;2150;1909;1010;1009;870;843;650;513;359;630;175;451;282;76.0;85;65;79;62.0;27;36.0;31.0;11.0;12.0;0.0;13;5.0;11.0;11.0;2.0;4.0;0.0;0.0;0.0;0.0;0.0
Kaag en Braassem;528256;27541;43.6;435;24064;1902;1575;3477;841;23.0;3.4;52.6;G1884;10349;Leiden;K15;21480;18145;18;19;18108;5509;2642;1945;2157;778;626;610;884;547;291;350;771;63;47;260;268.0;38;90;17;58.0;36;40.0;0.0;13.0;21.0;22.0;14;6.0;3.0;0.0;1.0;0.0;0.0;0.0;0.0;1.0;0.0
Kampen;355587;54474;39.7;383;48839;2357;3278;5635;1695;41.0;3.3;43.5;G0166;10253;Zwolle;K4;40929;34483;47;40;34396;5155;2685;3660;4983;1569;1333;1148;2113;689;4803;415;688;3651;361;223;372.0;73;107;19;81.0;57;32.0;51.0;27.0;22.0;15.0;11;21.0;23.0;0.0;2.0;0.0;5.0;2.0;0.0;0.0;0.0
Kapelle;349486;12882;42.8;347;11596;817;469;1286;319;9.0;2.7;48.3;G0678;11223;Middelburg;K16;9840;8449;11;3;8435;1940;808;649;1094;360;435;178;362;213;601;92;247;1126;11;100;105.0;17;28;1;16.0;13;7.0;0.0;7.0;2.0;3.0;6;3.0;10.0;0.0;0.0;0.0;1.0;0.0;0.0;0.0;0.0
Katwijk;457946;65995;40.7;2666;58075;3854;4066;7920;1896;24.0;3.2;48.4;G0537;10707;Leiden;K15;49533;41320;51;39;41230;8861;3151;5214;5874;1240;1042;771;3029;1113;4077;515;1317;3561;235;423;132.0;73;172;55;89.0;57;50.0;0.0;35.0;33.0;30.0;14;10.0;57.0;0.0;0.0;0.0;0.0;0.0;0.0;0.0;0.0
Kerkrade;248727;45442;47.1;2074;30831;11337;3274;14611;2339;110.0;4.2;35.6;G0928;10313;Maastricht;K19;34535;23522;53;34;23435;3979;1614;5958;1967;2192;1945;744;2400;818;118;213;365;27;155;402;49.0;64;68;26;61.0;48;18.0;63.0;28.0;22.0;41.0;7;10.0;0.0;29.0;0.0;0.0;0.0;4.0;0.0;0.0;0.0
Koggenland;377451;22940;43.1;286;20933;1147;860;2007;642;29.0;2.9;51.0;G1598;10354;Den Helder;K11;18041;15165;17;23;15125;4674;2003;1464;1999;723;657;496;841;478;130;216;447;22;15;178;462.0;45;72;3;29.0;33;28.0;51.0;8.0;14.0;13.0;5;3.0;2.0;13.0;0.0;0.0;0.0;1.0;0.0;0.0;0.0
Krimpen aan den IJssel;477954;29410;43.7;3824;24384;2224;2802;5026;630;16.0;3.6;48.2;G0542;10859;Leiden;K15;22685;18626;27;26;18573;3562;2005;1996;1391;968;933;551;967;531;1312;228;740;2564;154;203;35.0;70;91;41;56.0;38;22.0;0.0;17.0;22.0;18.0;10;27.0;11.0;0.0;8.0;0.0;0.0;0.0;0.0;2.0;0.0
Krimpenerwaard;519489;56622;42.8;382;50048;3082;3492;6574;1604;96.0;3.1;48.9;G1931;10050;Leiden;K15;43962;37011;78;46;36887;8949;4041;3548;3699;1587;1791;996;1872;1139;2389;463;1407;3271;333;354;470.0;60;153;40;75.0;46;43.0;0.0;32.0;44.0;30.0;11;23.0;16.0;0.0;4.0;0.0;0.0;0.0;0.0;1.0;0.0
Laarbeek;566787;22805;44.2;412;20620;1526;659;2185;653;40.0;3.1;48.2;G1659;10173;'s-Hertogenbosch;K18;18031;14440;26;18;14396;4247;1707;1830;1914;1303;596;441;684;358;95;241;346;12;13;177;179.0;10;51;4;43.0;25;27.0;35.0;11.0;6.0;6.0;8;7.0;2.0;17.0;0.0;0.0;1.0;0.0;0.0;0.0;0.0
Land van Cuijk;478546;90194;44.6;264;77859;6776;5559;12335;2724;94.0;3.2;47.0;G0756G1684G0786G0815G1702;53365;'s-Hertogenbosch's-Hertogenbosch's-Hertogenbosch's-Hertogenbosch's-Hertogenbosch;K18K18K18K18K18;71776;58901;91;91;58719;15417;8000;6481;8410;5871;2457;1946;2392;1591;399;873;1371;55;551;650;1210.0;118;153;53;170.0;89;83.0;117.0;40.0;49.0;43.0;31;23.0;9.0;59.0;0.0;0.0;8.0;0.0;0.0;0.0;0.0
Landgraaf;315192;37262;46.9;1516;28664;6805;1793;8598;1373;57.0;4.0;40.3;G0882;11335;Maastricht;K19;29956;22596;40;76;22480;4234;1992;5290;1778;2295;1627;706;2117;802;172;195;358;18;83;317;71.0;41;69;23;54.0;37;26.0;54.0;29.0;12.0;34.0;9;11.0;0.0;21.0;0.0;0.0;3.0;2.0;0.0;0.0;0.0
Landsmeer;801648;11565;43.7;513;9391;1070;1104;2174;444;10.0;3.5;56.3;G0415;11225;Den Helder;K11;8818;7534;33;7;7494;1764;1252;961;440;416;517;416;384;411;76;173;237;22;44;74;36.0;65;38;19;26.0;15;10.0;20.0;8.0;6.0;52.0;4;1.0;0.0;5.0;2.0;0.0;0.0;0.0;0.0;0.0;0.0
Lansingerland;550164;63363;39.5;1186;50972;4829;7562;12391;1875;58.0;3.4;58.7;G1621;10139;Leiden;K15;45917;38531;60;44;38427;11741;6012;3834;3803;1216;1234;1280;1764;1096;1983;733;1531;392;478;342;174.0;159;175;131;105.0;62;52.0;0.0;20.0;28.0;39.0;22;12.0;7.0;0.0;1.0;0.0;0.0;0.0;0.0;1.0;0.0
Laren;1375610;11398;48.5;918;9012;1610;776;2386;470;36.0;3.7;74.0;G0417;10649;Haarlem;K10;8789;7566;6;5;7555;2976;1307;534;750;223;268;196;275;328;88;249;193;12;22;38;12.0;15;10;7;14.0;7;3.0;6.0;5.0;9.0;0.0;3;0.0;0.0;1.0;0.0;4.0;0.0;0.0;0.0;0.0;0.0
Leeuwarden;297467;124481;41.5;523;102137;9725;12619;22344;5789;242.0;5.6;36.3;G0080;11228;Leeuwarden;K2;97397;77431;104;125;77202;12277;12398;7478;6835;5804;8140;5094;5115;3975;2606;1969;1430;299;452;580;644.0;432;236;121;375.0;287;140.0;164.0;57.0;107.0;0.0;48;36.0;49.0;0.0;0.0;24.0;0.0;0.0;25.0;0.0;5.0
Leiden;426204;124093;39.7;5664;84190;18898;21005;39903;5493;129.0;4.6;37.7;G0546;10702;Leiden;K15;93046;75742;189;148;75405;11423;17530;5810;3636;3671;5445;8184;2536;4540;1594;4827;1334;198;1430;481;129.0;1127;191;398;226.0;206;115.0;0.0;48.0;74.0;130.0;72;15.0;21.0;0.0;12.0;0.0;0.0;0.0;0.0;2.0;0.0
Leiderdorp;524379;27377;44.2;2364;21122;2781;3474;6255;846;18.0;4.0;49.4;G0547;10058;Leiden;K15;21104;17592;42;40;17510;4381;3310;1622;1497;835;1129;1000;609;687;455;533;487;126;223;184;36.0;63;63;70;70.0;31;16.0;0.0;5.0;25.0;26.0;9;7.0;6.0;0.0;4.0;0.0;0.0;0.0;0.0;1.0;0.0
Leidschendam-Voorburg;554654;76433;44.1;2348;51156;11437;13840;25277;3162;118.0;4.0;48.2;G1916;11103;Leiden;K15;56038;45166;94;72;45000;12294;8559;4323;3589;2022;2359;2176;1716;1934;914;1286;1124;194;557;456;210.0;262;381;139;137.0;78;68.0;0.0;34.0;33.0;76.0;31;12.0;23.0;0.0;6.0;0.0;0.0;0.0;0.0;7.0;0.0
Lelystad;363674;79811;40.6;347;52773;9114;17924;27038;3744;113.0;4.7;42.2;G0995;11110;Lelystad;K5;57931;41894;109;104;41681;8881;4910;5997;2664;2865;2484;1802;3227;1740;1367;573;1057;323;1381;552;192.0;501;231;214;186.0;178;74.0;0.0;53.0;52.0;0.0;28;55.0;49.0;0.0;26.0;0.0;19.0;0.0;0.0;0.0;0.0
Leudal;424900;36045;46.4;222;31108;3609;1328;4937;1311;47.0;2.9;46.8;G1640;10840;Maastricht;K19;28781;22302;23;41;22238;5244;3700;3343;2913;1343;1105;641;1098;577;157;282;539;35;18;300;600.0;15;64;5;62.0;24;27.0;48.0;22.0;16.0;25.0;10;5.0;0.0;18.0;0.0;0.0;1.0;1.0;0.0;0.0;0.0
Leusden;546343;30544;44.0;522;26140;2486;1918;4404;789;20.0;3.3;52.5;G0327;10978;Utrecht;K8;23846;20717;18;34;20665;5237;3782;1384;2243;994;969;1022;726;826;1246;580;529;345;85;163;150.0;72;50;17;75.0;36;29.0;28.0;17.0;18.0;0.0;14;4.0;8.0;9.0;3.0;4.0;0.0;0.0;0.0;0.0;0.0
Lingewaard;445825;46822;44.0;755;41792;3168;1862;5030;1118;52.0;3.2;47.4;G1705;10744;Arnhem;K7;36353;30451;31;55;30365;9061;4959;3381;3288;2195;1598;1256;1271;897;270;461;671;28;65;323;173.0;48;93;13;80.0;56;49.0;48.0;17.0;16.0;16.0;18;5.0;9.0;0.0;0.0;0.0;0.0;0.0;0.0;0.0;0.0
Lisse;567078;22982;44.3;1465;19662;2061;1259;3320;678;17.0;3.2;47.8;G0553;10197;Leiden;K15;17761;15038;9;13;15016;4106;2297;1568;1620;649;568;453;759;480;508;267;514;659;40;199;55.0;38;71;11;39.0;34;23.0;0.0;15.0;10.0;14.0;4;5.0;5.0;0.0;3.0;0.0;0.0;0.0;0.0;2.0;0.0
Lochem;503086;33948;47.8;159;30226;2052;1670;3722;895;66.0;3.5;50.2;G0262;11263;Arnhem;K7;27569;23535;26;29;23480;5966;4107;1282;2748;1177;1678;1109;860;923;470;555;464;44;129;177;1414.0;42;65;34;61.0;36;33.0;28.0;19.0;17.0;25.0;8;5.0;2.0;0.0;2.0;0.0;0.0;0.0;0.0;0.0;0.0
Loon op Zand;425133;23504;44.7;471;20775;1694;1035;2729;840;19.0;3.2;47.6;G0809;11259;Tilburg;K17;18552;14710;27;32;14651;4447;1856;2123;1581;1066;664;498;659;384;138;177;354;71;68;213;108.0;28;63;6;36.0;17;24.0;0.0;18.0;12.0;14.0;2;4.0;1.0;19.0;0.0;0.0;0.0;0.0;0.0;0.0;0.0
Lopik;497574;14456;41.4;191;13028;639;789;1428;397;25.0;3.0;52.5;G0331;10333;Utrecht;K8;11249;9386;13;12;9361;2316;756;1106;1396;319;242;164;558;199;680;102;316;655;69;102;224.0;15;33;21;22.0;8;11.0;21.0;0.0;1.0;0.0;1;2.0;8.0;14.0;0.0;0.0;0.0;0.0;0.0;0.0;0.0
Losser;436452;22888;44.8;232;19543;2437;908;3345;486;27.0;3.4;44.9;G0168;11166;Zwolle;K4;18280;14643;25;18;14600;3319;1499;2266;3231;851;645;288;807;289;115;169;351;18;32;153;389.0;10;46;2;26.0;13;13.0;30.0;4.0;9.0;8.0;5;3.0;4.0;0.0;2.0;0.0;0.0;3.0;0.0;0.0;0.0
Maasdriel;583746;25452;42.9;385;21750;2713;989;3702;919;44.0;3.1;50.3;G0263;10341;Nijmegen;K6;18917;15597;22;24;15551;4664;1667;2755;1720;931;526;337;845;342;208;214;464;286;51;181;130.0;11;55;6;26.0;24;26.0;29.0;11.0;8.0;14.0;3;1.0;3.0;13.0;0.0;0.0;0.0;0.0;0.0;0.0;0.0
Maasgouw;338974;23947;47.9;524;20389;2781;777;3558;815;29.0;3.3;46.6;G1641;10964;Maastricht;K19;19834;14917;21;27;14869;3589;1918;2631;1809;1004;902;364;866;542;93;185;337;15;31;228;127.0;18;44;0;41.0;20;10.0;19.0;18.0;7.0;25.0;6;10.0;0.0;7.0;0.0;0.0;2.0;1.0;0.0;0.0;0.0
Maashorst;464571;58108;43.5;423;49524;4655;3929;8584;2358;107.0;3.2;47.5;G1685G0856;21417;'s-Hertogenbosch's-Hertogenbosch;K18K18;45336;36331;55;42;36234;10675;5214;3913;4374;3445;1388;1131;1601;964;253;613;856;31;272;433;375.0;60;105;45;88.0;62;81.0;76.0;23.0;34.0;25.0;26;16.0;12.0;38.0;0.0;0.0;5.0;0.0;0.0;0.0;0.0
Maassluis;341373;33567;43.5;3958;23819;3083;6665;9748;1180;46.0;4.2;43.2;G0556;10880;Dordrecht;K14;25406;19736;62;33;19641;4828;2316;2329;1885;1029;1051;587;1042;566;760;267;734;180;1234;255;36.0;81;107;122;86.0;33;37.0;0.0;18.0;14.0;8.0;12;5.0;12.0;0.0;0.0;0.0;0.0;4.0;0.0;3.0;0.0
Maastricht;431485;120227;43.2;2147;80447;25978;13802;39780;6290;130.0;4.9;35.3;G0935;10182;Maastricht;K19;86680;65342;186;119;65037;11497;11025;10098;4491;4261;6312;4072;3482;2848;510;2074;1041;67;667;892;83.0;480;136;137;181.0;127;123.0;126.0;50.0;62.0;65.0;52;19.0;0.0;46.0;0.0;0.0;8.0;5.0;0.0;0.0;0.0
Medemblik;456035;45165;43.5;372;39019;3768;2378;6146;1285;30.0;3.3;47.3;G0420;11215;Den Helder;K11;34283;27928;46;64;27818;7454;3801;3243;3366;1480;1141;863;1787;944;703;425;892;217;133;345;412.0;63;126;6;109.0;53;39.0;72.0;32.0;33.0;26.0;15;13.0;8.0;14.0;1.0;0.0;0.0;2.0;0.0;0.0;0.0
Meerssen;380367;18661;47.6;692;16192;1828;641;2469;518;13.0;3.2;48.5;G0938;10494;Maastricht;K19;15177;12400;20;22;12358;3042;1748;1788;1365;819;1078;476;659;460;103;154;214;23;7;177;60.0;23;34;0;17.0;21;5.0;23.0;19.0;4.0;22.0;5;2.0;0.0;9.0;0.0;0.0;1.0;0.0;0.0;0.0;0.0
Meierijstad;487714;81647;43.4;444;69503;6554;5590;12144;2653;75.0;2.8;50.4;G1948;10985;'s-Hertogenbosch;K18;63106;50685;73;63;50549;14895;7010;5801;6481;4284;2042;1617;2281;1142;288;807;1151;37;689;554;559.0;84;133;116;106.0;81;93.0;92.0;35.0;36.0;35.0;14;19.0;10.0;54.0;0.0;0.0;3.0;0.0;0.0;0.0;0.0
Meppel;406694;34386;42.5;619;30161;2037;2188;4225;1009;26.0;3.7;42.5;G0119;11204;Assen;K3;26794;22080;31;33;22016;4764;3197;2141;2363;1634;1580;984;1099;834;1219;401;496;135;161;211;269.0;65;80;49;91.0;28;41.0;48.0;14.0;22.0;45.0;6;25.0;13.0;0.0;0.0;0.0;0.0;0.0;0.0;1.0;0.0
Middelburg;408455;48964;43.6;1011;39335;5058;4571;9629;2056;29.0;4.1;41.8;G0687;10122;Middelburg;K16;37650;30096;61;54;29981;5489;4175;2230;2626;1688;2442;1536;1512;1422;1904;555;563;2432;330;342;133.0;127;93;20;69.0;55;35.0;0.0;29.0;26.0;50.0;17;52.0;25.0;0.0;0.0;0.0;4.0;0.0;0.0;0.0;0.0
Midden-Delfland;439429;19414;42.6;411;16842;1248;1324;2572;568;18.0;2.8;58.4;G1842;10130;Dordrecht;K14;14916;13060;14;14;13032;3977;2172;1021;1843;401;430;495;462;347;499;299;532;74;64;85;118.0;25;59;16;43.0;19;10.0;0.0;4.0;12.0;12.0;5;3.0;5.0;0.0;0.0;0.0;0.0;0.0;0.0;0.0;0.0
Midden-Drenthe;364337;33381;45.5;98;30936;1541;904;2445;902;27.0;3.1;44.8;G1731;10520;Assen;K3;27071;22463;39;33;22391;4561;2617;2333;2992;1456;2120;761;1264;669;899;256;463;251;23;263;1054.0;29;72;5;57.0;26;53.0;68.0;17.0;17.0;26.0;6;26.0;4.0;0.0;0.0;0.0;0.0;0.0;0.0;3.0;0.0
Midden-Groningen;304812;60726;44.8;217;51533;3946;5247;9193;2313;109.0;5.0;39.5;G1952;10410;Groningen;K1;48602;35653;68;62;35523;6081;3966;4819;2631;4270;3664;1466;2054;1141;1837;372;582;266;419;470;725.0;87;118;73;95.0;78;51.0;81.0;24.0;39.0;0.0;9;30.0;24.0;35.0;5.0;11.0;0.0;0.0;0.0;0.0;0.0
Moerdijk;393809;37185;44.5;234;32480;2749;1956;4705;1403;45.0;3.3;47.1;G1709;10046;Tilburg;K17;29363;22643;36;26;22581;6244;2460;3361;2392;1789;1024;628;1247;615;605;264;683;136;128;301;281.0;27;110;10;71.0;31;34.0;0.0;29.0;26.0;24.0;5;19.0;9.0;24.0;2.0;0.0;2.0;0.0;0.0;0.0;0.0
Molenlanden;548622;44130;41.0;243;40877;1820;1433;3253;881;17.0;3.0;53.7;G1978;10451;Dordrecht;K14;33503;29026;23;16;28987;5760;1903;2360;3979;1006;1058;472;1370;563;3824;232;742;4816;46;206;269.0;43;75;5;46.0;29;34.0;0.0;15.0;21.0;23.0;8;18.0;60.0;0.0;0.0;0.0;0.0;2.0;0.0;2.0;0.0
Montferland;403950;36031;45.7;341;31525;3030;1476;4506;990;28.0;3.2;44.7;G1955;10350;Arnhem;K7;29276;23183;28;28;23127;6239;2649;3591;3050;1569;1083;619;1237;592;202;247;609;35;100;313;655.0;27;71;8;43.0;25;39.0;54.0;17.0;14.0;20.0;5;11.0;3.0;0.0;0.0;0.0;0.0;0.0;0.0;0.0;0.0
Montfoort;773738;13896;42.0;370;12393;721;782;1503;316;16.0;3.3;54.9;G0335;10033;Utrecht;K8;10675;9335;18;15;9302;2674;1189;880;1156;335;289;272;344;196;474;170;302;518;88;92;182.0;21;21;8;28.0;11;10.0;9.0;3.0;8.0;0.0;1;5.0;7.0;7.0;0.0;2.0;0.0;0.0;0.0;0.0;0.0
Mook en Middelaar;486910;7909;47.8;455;6780;795;334;1129;219;10.0;3.0;50.2;G0944;10271;Maastricht;K19;6447;5553;5;7;5541;1357;1164;513;503;345;355;391;168;266;55;151;96;7;5;44;33.0;21;9;0;17.0;6;4.0;6.0;6.0;3.0;7.0;4;1.0;0.0;4.0;0.0;0.0;0.0;0.0;0.0;0.0;0.0
Neder-Betuwe;501959;24648;39.0;411;22442;1509;697;2206;671;19.0;3.0;49.3;G1740;10916;Nijmegen;K6;17774;14762;23;5;14734;2381;758;1722;1236;474;681;189;777;187;742;86;285;4786;33;109;106.0;14;28;13;17.0;13;11.0;25.0;4.0;8.0;2.0;3;20.0;16.0;8.0;0.0;0.0;0.0;0.0;0.0;0.0;0.0
Nederweert;484656;17171;45.4;172;15457;1221;493;1714;462;23.0;3.0;47.2;G0946;10681;Maastricht;K19;13866;10823;6;17;10800;2761;1278;1515;1704;741;526;320;543;260;70;129;301;10;13;137;295.0;12;50;2;16.0;20;26.0;23.0;11.0;10.0;11.0;2;3.0;0.0;11.0;0.0;0.0;0.0;0.0;0.0;0.0;0.0
Nieuwegein;353022;63866;42.5;2717;45594;6675;11597;18272;3074;80.0;4.2;44.1;G0356;10374;Utrecht;K8;49306;37438;72;72;37294;9078;5376;4551;2900;2457;2298;1891;1731;1408;995;750;924;208;856;575;94.0;352;132;157;123.0;109;72.0;73.0;41.0;31.0;0.0;27;19.0;23.0;21.0;10.0;12.0;0.0;0.0;0.0;0.0;0.0
Nieuwkoop;499510;29151;43.3;373;25722;2000;1429;3429;707;21.0;2.9;53.5;G0569;10728;Leiden;K15;22702;18652;15;18;18619;5803;2280;1945;2511;656;540;515;975;473;507;275;768;314;85;220;395.0;37;80;11;62.0;31;42.0;0.0;13.0;27.0;27.0;15;5.0;6.0;0.0;0.0;0.0;0.0;0.0;0.0;1.0;0.0
Nijkerk;438756;43600;41.4;629;38223;2406;2971;5377;1319;80.0;3.2;51.1;G0267;10446;Arnhem;K7;33732;27646;32;38;27576;6648;2751;2895;3700;882;929;714;1424;576;2990;309;684;1735;283;185;331.0;53;73;94;45.0;45;32.0;52.0;15.0;7.0;79.0;12;10.0;23.0;0.0;0.0;0.0;0.0;0.0;0.0;0.0;0.0
Nijmegen;468569;177359;39.8;3341;130117;21143;26099;47242;10019;261.0;5.4;35.0;G0268;11209;Nijmegen;K6;138342;110884;174;239;110471;15731;25762;8503;5342;7684;7310;14744;3576;6752;1352;5629;1385;167;1962;773;159.0;1497;243;383;376.0;347;182.0;108.0;51.0;95.0;177.0;74;32.0;24.0;51.0;0.0;0.0;0.0;0.0;0.0;0.0;0.0
Nissewaard;364926;85440;42.9;1161;63180;8245;14015;22260;3657;75.0;4.6;43.4;G1930;10735;Dordrecht;K14;66369;48367;90;95;48182;10799;4729;8494;3090;3876;2959;1432;3868;1652;1121;489;2193;343;572;794;207.0;423;409;111;141.0;106;80.0;0.0;78.0;51.0;43.0;23;32.0;38.0;0.0;0.0;0.0;0.0;25.0;0.0;4.0;0.0
Noardeast-Frysln;263014;45481;43.1;120;42752;1517;1212;2729;1032;19.0;3.6;40.3;G1970;10198;Leeuwarden;K2;35734;27991;50;28;27913;3903;2219;3328;6185;1771;1510;707;2450;797;2192;260;544;442;19;204;958.0;35;84;8;71.0;60;20.0;40.0;13.0;40.0;0.0;7;4.0;27.0;0.0;0.0;7.0;0.0;0.0;6.0;0.0;2.0
Noord-Beveland;361203;7581;48.7;88;6548;796;237;1033;229;6.0;3.2;42.6;G1695;10250;Middelburg;K16;6166;5028;12;8;5008;1293;495;601;545;269;292;124;298;249;181;55;174;191;2;75;84.0;11;19;0;13.0;11;6.0;0.0;4.0;3.0;2.0;0;4.0;6.0;0.0;0.0;0.0;1.0;0.0;0.0;0.0;0.0
Noordenveld;354719;31214;47.1;157;28774;1412;1028;2440;757;34.0;3.3;45.9;G1699;10699;Assen;K3;25307;21086;26;38;21022;4438;3354;2049;1911;1500;2172;1167;884;833;924;316;411;110;10;200;415.0;27;74;3;62.0;42;16.0;37.0;10.0;16.0;26.0;5;5.0;4.0;0.0;0.0;0.0;0.0;0.0;0.0;1.0;0.0
Noordoostpolder;377346;47583;40.8;104;39740;4014;3829;7843;1518;59.0;3.5;44.3;G0171;10144;Lelystad;K5;34304;28235;31;47;28157;5861;2618;3084;4581;1446;1232;715;2009;578;2070;313;754;1224;227;219;768.0;49;84;44;61.0;39;49.0;0.0;32.0;16.0;0.0;14;9.0;58.0;0.0;2.0;0.0;1.0;0.0;0.0;0.0;0.0
Noordwijk;859730;44062;44.2;755;36189;5427;2446;7873;1666;53.0;3.5;51.0;G0575;10769;Leiden;K15;33560;28180;50;39;28091;8795;3992;3359;2976;1228;1021;1013;1434;1013;456;596;1096;71;96;308;102.0;61;142;40;85.0;31;44.0;0.0;23.0;27.0;35.0;21;5.0;10.0;0.0;8.0;0.0;0.0;0.0;0.0;3.0;0.0
Nuenen, Gerwen en Nederwetten;698527;23702;45.7;703;20432;2165;1105;3270;686;40.0;3.3;53.6;G0820;10761;'s-Hertogenbosch;K18;18561;16095;22;24;16049;4689;3121;1334;1788;974;774;755;575;510;188;472;273;18;38;201;63.0;29;39;10;46.0;29;17.0;13.0;36.0;10.0;18.0;6;5.0;2.0;16.0;0.0;0.0;0.0;0.0;0.0;0.0;0.0
Nunspeet;490365;28021;41.8;218;25980;1045;996;2041;836;35.0;2.9;48.2;G0302;10512;Arnhem;K7;21497;18508;21;14;18473;3045;1106;1764;2252;460;394;309;850;330;2491;131;368;4427;49;102;199.0;29;25;3;29.0;21;18.0;15.0;10.0;8.0;13.0;5;3.0;16.0;0.0;1.0;0.0;0.0;0.0;0.0;0.0;0.0
Oegstgeest;717040;25064;42.4;3429;18627;4012;2425;6437;687;28.0;3.5;60.6;G0579;10287;Leiden;K15;17780;15684;9;13;15662;4061;3902;866;1301;479;858;976;492;710;466;709;357;56;55;84;29.0;58;38;26;49.0;16;20.0;0.0;6.0;12.0;10.0;15;4.0;5.0;0.0;1.0;0.0;0.0;0.0;0.0;1.0;0.0
Oirschot;564400;18842;44.7;185;17229;1015;598;1613;573;23.0;2.8;53.6;G0823;10225;'s-Hertogenbosch;K18;15112;12525;21;22;12482;3990;1661;1366;1811;873;459;350;453;316;74;236;286;14;7;145;263.0;9;28;0;19.0;22;24.0;21.0;11.0;11.0;8.0;4;8.0;1.0;12.0;0.0;0.0;0.0;0.0;0.0;0.0;0.0
Oisterwijk;758718;32373;45.5;404;28674;2127;1572;3699;949;40.0;3.2;54.4;G0824;10103;Tilburg;K17;25768;20983;27;22;20934;6643;3610;1894;2537;1371;804;801;742;678;177;413;486;24;59;231;163.0;35;48;9;47.0;28;23.0;0.0;25.0;21.0;17.0;15;7.0;3.0;23.0;0.0;0.0;0.0;0.0;0.0;0.0;0.0
Oldambt;286223;38277;46.2;169;33907;2759;1611;4370;1506;47.0;4.3;37.2;G1895;10453;Groningen;K1;31198;22760;38;50;22672;3843;2110;3736;1750;3077;2532;719;1503;784;838;204;365;108;31;271;377.0;28;82;11;60.0;46;23.0;64.0;22.0;30.0;0.0;7;13.0;8.0;25.0;1.0;4.0;0.0;0.0;0.0;0.0;0.0
Oldebroek;362130;23760;41.6;243;22273;828;659;1487;619;28.0;3.1;46.1;G0269;11106;Arnhem;K7;18177;14832;15;9;14808;2153;774;1684;2121;487;466;275;691;232;2914;107;262;2183;14;83;198.0;19;30;1;20.0;10;15.0;18.0;5.0;5.0;4.0;3;2.0;32.0;0.0;0.0;0.0;0.0;0.0;0.0;0.0;0.0
Oldenzaal;415723;31701;44.4;1471;26709;2471;2521;4992;1002;66.0;3.8;44.8;G0173;11100;Zwolle;K4;25026;20696;34;37;20625;5182;2883;2347;3951;1181;1027;660;1010;461;172;386;451;25;232;177;180.0;21;64;13;49.0;29;26.0;27.0;16.0;15.0;13.0;9;6.0;4.0;0.0;1.0;0.0;2.0;5.0;0.0;0.0;0.0
Olst-Wijhe;553400;18361;44.4;161;16805;858;698;1556;376;23.0;3.2;47.0;G1773;10409;Zwolle;K4;14678;12178;12;19;12147;2751;1642;1032;1777;731;963;540;430;392;310;201;230;45;52;112;762.0;23;38;0;27.0;22;9.0;16.0;14.0;6.0;8.0;6;7.0;0.0;0.0;0.0;0.0;0.0;1.0;0.0;0.0;0.0
Ommen;368014;18295;43.8;102;16766;961;568;1529;412;13.0;3.3;46.6;G0175;11069;Zwolle;K4;14195;12191;14;15;12162;2462;1194;1026;2572;500;454;302;533;276;1323;118;204;228;10;80;696.0;23;57;0;27.0;8;14.0;10.0;6.0;5.0;9.0;0;3.0;18.0;0.0;0.0;0.0;1.0;3.0;0.0;0.0;0.0
Oost Gelre;338757;29574;44.4;269;27107;1537;930;2467;623;22.0;2.7;47.4;G1586;11094;Arnhem;K7;23745;19965;31;17;19917;5151;2602;1761;3787;1176;829;528;829;387;103;254;583;23;61;237;1341.0;13;55;3;49.0;29;28.0;30.0;18.0;12.0;15.0;5;4.0;4.0;0.0;0.0;0.0;0.0;0.0;0.0;0.0;0.0
Oosterhout;438798;56206;44.2;786;44408;5367;6431;11798;2304;78.0;3.6;45.8;G0826;11280;Tilburg;K17;43843;33283;56;45;33182;9281;4902;4242;2920;2296;1719;1233;1667;941;355;590;767;57;872;417;198.0;98;105;94;115.0;52;62.0;0.0;45.0;26.0;21.0;15;26.0;8.0;32.0;2.0;0.0;24.0;0.0;0.0;0.0;0.0
Ooststellingwerf;368515;25464;45.6;114;23595;1114;755;1869;579;14.0;3.8;41.5;G0085;10836;Leeuwarden;K2;20672;16271;28;33;16210;2916;1690;2037;2044;1344;1391;526;1194;630;629;182;346;159;17;182;627.0;26;52;1;42.0;28;28.0;52.0;7.0;11.0;0.0;7;20.0;10.0;0.0;0.0;8.0;0.0;0.0;3.0;0.0;1.0
Oostzaan;579577;9689;43.8;840;8258;637;794;1431;415;14.0;3.3;52.1;G0431;11303;Den Helder;K11;7571;6407;15;30;6362;1665;807;952;355;348;412;293;416;280;108;103;223;26;34;77;49.0;39;43;2;18.0;16;7.0;24.0;7.0;4.0;36.0;7;2.0;0.0;9.0;0.0;0.0;0.0;0.0;0.0;0.0;0.0
Opmeer;479831;12009;43.3;289;10852;766;391;1157;268;4.0;2.9;48.5;G0432;10609;Den Helder;K11;9340;7657;9;14;7634;2066;1068;812;1072;377;304;218;499;226;79;114;260;10;8;103;212.0;17;58;2;24.0;18;10.0;36.0;5.0;10.0;10.0;4;5.0;2.0;3.0;0.0;0.0;0.0;2.0;0.0;0.0;0.0
Opsterland;399886;29812;43.9;133;27880;1056;876;1932;575;13.0;3.7;45.0;G0086;10005;Leeuwarden;K2;23686;19125;17;39;19069;3218;2311;1806;2493;1501;1845;696;1234;610;1335;233;377;295;14;150;678.0;22;47;1;52.0;28;33.0;38.0;9.0;17.0;0.0;4;2.0;16.0;0.0;0.0;1.0;0.0;0.0;1.0;0.0;2.0
Oss;483824;92526;43.0;567;73981;9163;9382;18545;4471;143.0;3.7;45.6;G0828;10834;'s-Hertogenbosch;K18;70994;54686;72;98;54516;13573;6714;7595;5352;7500;2133;1912;2809;1317;329;831;1155;56;1278;552;429.0;159;145;60;141.0;83;82.0;101.0;43.0;25.0;15.0;28;34.0;15.0;48.0;0.0;0.0;2.0;0.0;0.0;0.0;0.0
Oude IJsselstreek;374527;39346;45.5;289;33997;2797;2552;5349;821;26.0;3.2;43.0;G1509;10260;Arnhem;K7;31672;25025;25;33;24967;6172;3149;2648;3611;1993;1450;871;1034;625;403;260;560;54;444;316;948.0;45;66;31;58.0;44;47.0;56.0;18.0;19.0;21.0;14;7.0;3.0;0.0;0.0;0.0;0.0;0.0;0.0;0.0;0.0
Ouder-Amstel;792104;14125;43.1;587;10010;1963;2152;4115;830;18.0;3.9;55.3;G0437;10998;Haarlem;K10;10412;8838;27;10;8801;2078;1896;607;686;357;573;580;259;415;157;342;248;62;73;107;53.0;166;21;22;12.0;26;12.0;14.0;5.0;1.0;0.0;9;3.0;0.0;1.0;4.0;11.0;0.0;1.0;0.0;0.0;0.0
Oudewater;490352;10138;43.0;261;9219;468;451;919;271;19.0;2.8;56.9;G0589;10188;Utrecht;K8;7894;6755;10;6;6739;1848;836;582;1070;217;214;136;317;115;357;93;195;251;21;54;239.0;10;113;4;14.0;9;11.0;11.0;1.0;4.0;0.0;2;5.0;8.0;2.0;0.0;0.0;0.0;0.0;0.0;0.0;0.0
Overbetuwe;457333;48214;42.4;442;42402;3405;2407;5812;1460;60.0;3.3;49.3;G1734;11188;Arnhem;K7;37155;30691;43;34;30614;8236;4906;3347;3373;1668;1553;1442;1324;928;900;517;646;482;138;292;377.0;61;100;10;68.0;43;36.0;42.0;17.0;28.0;23.0;9;31.0;14.0;0.0;3.0;0.0;0.0;0.0;0.0;0.0;0.0
Papendrecht;370847;32171;43.6;3419;25967;2762;3442;6204;845;17.0;3.9;46.9;G0590;10427;Dordrecht;K14;25172;19779;33;31;19715;5021;2262;2239;1804;1066;1036;569;1120;591;1426;214;592;843;214;282;39.0;59;121;33;49.0;28;29.0;0.0;22.0;13.0;13.0;15;3.0;10.0;0.0;0.0;0.0;0.0;1.0;0.0;1.0;0.0
Peel en Maas;385104;43660;44.7;274;38556;3383;1721;5104;1269;66.0;3.0;47.1;G1894;10205;Maastricht;K19;34636;27128;28;54;27046;6570;3053;4151;4854;1614;1225;761;1387;551;117;333;753;21;111;355;722.0;30;81;50;55.0;26;42.0;50.0;29.0;18.0;35.0;15;15.0;0.0;20.0;0.0;0.0;0.0;2.0;0.0;0.0;0.0
Pekela;207196;12176;44.9;248;11091;693;392;1085;447;9.0;4.0;36.9;G0765;10848;Groningen;K1;9844;6978;9;14;6955;924;429;1569;557;1059;721;177;525;201;202;43;96;73;8;64;147.0;12;40;1;13.0;19;12.0;23.0;13.0;6.0;0.0;0;4.0;8.0;6.0;0.0;3.0;0.0;0.0;0.0;0.0;0.0
Pijnacker-Nootdorp;577320;55674;39.9;1501;43208;4976;7490;12466;1587;61.0;3.3;56.4;G1926;10031;Leiden;K15;40488;34313;46;42;34225;9975;5702;3591;3228;1296;1365;1471;1431;1117;1057;819;1278;245;333;325;134.0;133;240;86;107.0;71;57.0;0.0;35.0;34.0;40.0;22;17.0;11.0;0.0;2.0;0.0;0.0;0.0;0.0;3.0;0.0
Purmerend;419901;91793;43.4;979;67468;8425;15900;24325;3042;71.0;4.5;45.2;G0370G0439;21882;Den HelderDen Helder;K11K11;71553;54184;141;103;53940;13099;7047;8003;3501;3617;3281;2365;3415;2201;655;860;1755;113;692;834;389.0;707;255;142;198.0;177;109.0;145.0;100.0;62.0;66.0;32;11.0;29.0;59.0;17.0;0.0;0.0;4.0;0.0;0.0;0.0
Putten;541581;24365;42.6;286;22409;1068;888;1956;643;34.0;2.9;51.3;G0273;11109;Arnhem;K7;18837;16088;80;18;15990;3637;1100;1587;2494;342;330;264;834;306;2147;125;364;1893;30;103;254.0;17;28;2;21.0;11;24.0;31.0;10.0;3.0;9.0;6;7.0;11.0;0.0;0.0;0.0;0.0;0.0;0.0;0.0;0.0
Raalte;351904;37911;44.2;222;35287;1324;1300;2624;758;20.0;2.8;46.5;G0177;10279;Zwolle;K4;30201;24999;40;29;24930;6874;3302;1662;5002;1329;1076;760;761;477;483;293;603;68;102;240;1587.0;36;55;8;55.0;21;26.0;47.0;13.0;13.0;18.0;10;7.0;1.0;0.0;0.0;0.0;0.0;1.0;0.0;0.0;0.0
Reimerswaal;314013;22896;39.2;225;19445;2425;1026;3451;616;16.0;3.2;45.2;G0703;10077;Middelburg;K16;15805;13111;20;8;13083;1990;557;1364;1177;441;462;155;692;186;629;75;270;4603;54;132;134.0;5;35;6;24.0;22;16.0;0.0;5.0;8.0;7.0;4;1.0;29.0;0.0;0.0;0.0;0.0;0.0;0.0;0.0;0.0
Renkum;550789;31417;48.0;684;26459;3082;1876;4958;1046;69.0;3.5;48.5;G0274;11325;Arnhem;K7;25242;21099;21;20;21058;4717;4213;1565;1859;1055;1508;1580;675;1320;664;682;406;106;96;160;80.0;76;56;7;66.0;38;20.0;15.0;11.0;15.0;33.0;15;9.0;10.0;0.0;1.0;0.0;0.0;0.0;0.0;0.0;0.0
Renswoude;518110;5556;37.8;302;5092;275;189;464;96;6.0;2.7;46.5;G0339;10269;Utrecht;K8;4055;3563;7;2;3554;766;170;337;519;63;51;39;211;41;277;41;109;758;8;14;109.0;5;10;5;5.0;4;3.0;1.0;0.0;0.0;0.0;0;1.0;7.0;0.0;0.0;0.0;0.0;0.0;0.0;0.0;0.0
Reusel-De Mierden;436629;13127;42.9;169;11958;825;344;1169;328;19.0;2.8;49.5;G1667;10162;'s-Hertogenbosch;K18;10218;8073;17;6;8050;2581;899;893;1274;626;345;187;301;193;40;116;149;4;3;123;168.0;10;37;1;20.0;13;18.0;13.0;14.0;4.0;7.0;0;1.0;4.0;6.0;0.0;0.0;0.0;0.0;0.0;0.0;0.0
Rheden;488834;43525;46.4;532;36105;4024;3396;7420;1480;44.0;4.3;42.1;G0275;11355;Arnhem;K7;34881;27701;38;41;27622;5817;4703;2915;2352;2133;2084;1746;1129;1413;787;674;542;107;324;253;115.0;86;76;18;89.0;68;35.0;37.0;17.0;25.0;41.0;12;14.0;9.0;0.0;1.0;0.0;0.0;0.0;0.0;0.0;0.0
Rhenen;576657;20203;42.7;480;17710;1215;1278;2493;523;49.0;3.2;49.0;G0340;10309;Utrecht;K8;15498;12723;20;11;12692;2630;1412;1369;1187;460;547;441;569;346;771;177;315;2014;126;75;57.0;25;34;27;30.0;17;16.0;14.0;5.0;7.0;0.0;6;4.0;4.0;4.0;0.0;3.0;0.0;0.0;0.0;0.0;0.0
Ridderkerk;442045;46671;44.7;1968;36804;3703;6164;9867;1813;83.0;4.6;44.3;G0597;10646;Dordrecht;K14;36770;28415;48;37;28330;5917;2649;3932;2259;1682;1443;679;1748;832;1799;256;1169;2410;469;370;59.0;140;128;111;72.0;30;42.0;0.0;38.0;27.0;13.0;6;30.0;13.0;0.0;0.0;0.0;0.0;6.0;0.0;1.0;0.0
Rijssen-Holten;341866;38204;40.5;406;35016;1155;2033;3188;922;40.0;2.9;49.3;G1742;10358;Zwolle;K4;28651;25233;32;23;25178;3881;1433;2085;3931;647;750;355;1099;290;2755;173;459;5884;112;124;953.0;29;43;4;37.0;20;17.0;32.0;8.0;4.0;6.0;5;4.0;31.0;0.0;0.0;0.0;0.0;7.0;0.0;0.0;0.0
Rijswijk;401678;55220;42.8;3956;34417;8352;12451;20803;3251;100.0;4.9;43.0;G0603;11133;Dordrecht;K14;40197;31107;127;59;30921;7289;5060;4076;2087;1506;1565;1621;1485;1363;659;772;846;137;916;368;56.0;219;365;119;105.0;71;33.0;0.0;40.0;28.0;70.0;35;7.0;14.0;0.0;0.0;0.0;0.0;6.0;0.0;3.0;0.0
Roerdalen;339036;20580;47.6;233;16942;2882;756;3638;553;24.0;3.4;45.4;G1669;10196;Maastricht;K19;16382;12574;18;20;12536;2622;1351;2671;1572;887;849;359;734;437;103;149;221;11;49;158;154.0;16;55;1;26.0;15;14.0;30.0;14.0;7.0;10.0;9;6.0;0.0;5.0;0.0;0.0;1.0;0.0;0.0;0.0;0.0
Roermond;384617;58763;44.0;966;41044;9007;8712;17719;3274;89.0;4.4;40.3;G0957;11313;Maastricht;K19;45056;32521;69;67;32385;6791;4621;5499;2834;2139;1936;1490;1829;1309;256;503;726;29;997;394;136.0;100;142;223;81.0;71;43.0;65.0;23.0;24.0;34.0;12;26.0;0.0;36.0;0.0;0.0;10.0;6.0;0.0;0.0;0.0
Roosendaal;362019;77200;43.9;725;56759;9395;11046;20441;4483;170.0;4.1;42.7;G1674;10407;Tilburg;K17;58578;43026;87;65;42874;11880;5201;5721;4039;2973;2094;1681;2372;1276;409;583;1133;68;1557;563;246.0;102;145;308;147.0;69;84.0;0.0;56.0;39.0;33.0;10;23.0;15.0;34.0;6.0;0.0;7.0;0.0;0.0;0.0;0.0
Rotterdam;431308;651631;39.5;2995;307097;88707;255827;344534;47669;1012.0;7.3;37.4;G0599;10345;Rotterdam;K13;460271;311664;1589;604;309471;49215;51569;31397;12377;18167;18174;21058;14132;14192;6873;10311;10444;2018;25540;2925;356.0;9526;1408;5524;926.0;963;371.0;0.0;279.0;222.0;450.0;218;146.0;287.0;0.0;288.0;0.0;0.0;57.0;0.0;58.0;0.0
Rozendaal;925931;1726;45.1;62;1458;168;100;268;46;1.0;2.8;46.5;G0277;10684;Arnhem;K7;1303;1249;2;3;1244;455;285;51;108;22;60;66;25;47;31;47;24;4;0;6;1.0;3;3;0;0.0;1;2.0;1.0;1.0;0.0;1.0;0;0.0;0.0;0.0;0.0;0.0;0.0;0.0;0.0;0.0;0.0
Rucphen;476068;23080;45.6;358;20620;1662;798;2460;869;30.0;3.0;45.3;G0840;11152;Tilburg;K17;18744;13246;13;7;13226;3310;860;4086;1170;896;424;245;899;302;69;94;358;18;29;176;137.0;8;59;0;24.0;6;13.0;0.0;9.0;10.0;3.0;2;3.0;2.0;12.0;1.0;0.0;1.0;0.0;0.0;0.0;0.0
Schagen;436434;46532;45.2;277;41218;3237;2077;5314;1615;25.0;3.1;46.9;G0441;10511;Den Helder;K11;37044;30291;37;42;30212;7994;4240;2867;4276;1806;1675;1116;1792;1231;362;473;803;61;31;369;447.0;58;127;6;99.0;67;53.0;77.0;21.0;44.0;46.0;23;11.0;9.0;24.0;0.0;0.0;0.0;4.0;0.0;0.0;0.0
Scherpenzeel;393578;10128;40.5;734;9322;450;356;806;242;21.0;2.9;54.2;G0279;11146;Arnhem;K7;7653;6695;13;9;6673;1486;457;667;851;185;176;91;327;91;551;48;179;1338;8;47;75.0;3;17;1;11.0;14;8.0;12.0;3.0;2.0;20.0;0;2.0;3.0;0.0;0.0;0.0;0.0;0.0;0.0;0.0;0.0
Schiedam;316086;79279;41.2;4449;43949;11430;23900;35330;4421;85.0;5.2;39.8;G0606;11260;Dordrecht;K14;55801;40200;173;125;39902;7550;5072;5658;2160;2517;2334;1884;2311;1517;675;793;1401;214;3382;611;67.0;487;238;451;148.0;112;58.0;0.0;55.0;39.0;64.0;30;17.0;27.0;0.0;0.0;0.0;0.0;20.0;0.0;10.0;0.0
Schiermonnikoog;520548;931;49.9;23;830;77;24;101;33;0.0;3.2;46.5;G0088;10355;Leeuwarden;K2;785;907;1;2;904;158;167;51;90;43;96;78;21;56;41;40;12;8;0;9;14.0;13;1;0;0.0;4;0.0;0.0;0.0;1.0;0.0;1;0.0;0.0;0.0;0.0;0.0;0.0;0.0;0.0;0.0;0.0
Schouwen-Duiveland;433355;34065;47.1;148;30653;2259;1153;3412;1092;32.0;3.3;46.1;G1676;10843;Middelburg;K16;27562;22989;34;23;22932;5739;2474;2168;2434;1170;1223;585;1165;870;1088;235;697;2108;21;253;388.0;30;83;9;64.0;31;17.0;0.0;11.0;21.0;23.0;11;4.0;10.0;0.0;0.0;0.0;0.0;0.0;0.0;0.0;0.0
Simpelveld;277938;10477;47.3;654;8592;1630;255;1885;256;8.0;3.4;42.2;G0965;10515;Maastricht;K19;8307;6564;12;10;6542;1278;624;1223;940;523;577;199;445;242;43;63;112;8;5;93;68.0;6;16;0;15.0;11;8.0;2.0;13.0;8.0;13.0;3;0.0;0.0;3.0;0.0;0.0;1.0;0.0;0.0;0.0;0.0
Sint-Michielsgestel;746184;29498;43.8;505;26910;1563;1025;2588;788;32.0;2.9;54.5;G0845;10496;'s-Hertogenbosch;K18;23111;18904;19;14;18871;5466;3301;2025;2202;1576;767;675;666;580;151;388;371;19;21;188;147.0;36;55;9;56.0;25;34.0;30.0;18.0;14.0;16.0;9;3.0;3.0;19.0;0.0;0.0;1.0;0.0;0.0;0.0;0.0
Sittard-Geleen;287324;91743;46.1;1161;71139;13644;6960;20604;4646;140.0;3.8;40.0;G1883;11230;Maastricht;K19;74248;56048;140;106;55802;10325;6970;10042;5887;4305;4121;2559;4428;2115;390;806;983;58;494;830;198.0;155;152;163;165.0;114;80.0;127.0;77.0;47.0;76.0;25;51.0;0.0;45.0;0.0;0.0;3.0;11.0;0.0;0.0;0.0
Sliedrecht;375546;25597;41.4;1994;21637;1325;2635;3960;639;13.0;3.7;44.3;G0610;11331;Dordrecht;K14;19525;15237;13;24;15200;2791;1139;1550;1329;826;702;321;879;382;1749;145;403;2340;190;135;25.0;58;67;28;29.0;27;7.0;0.0;21.0;10.0;16.0;3;5.0;21.0;0.0;0.0;0.0;0.0;2.0;0.0;0.0;0.0
Sluis;457154;23166;48.1;83;16536;5820;810;6630;804;25.0;3.3;41.6;G1714;10895;Middelburg;K16;17163;13138;24;22;13092;3526;1155;1830;1579;834;941;394;852;415;195;162;350;118;18;200;317.0;21;43;1;46.0;16;20.0;0.0;17.0;8.0;15.0;7;7.0;3.0;0.0;0.0;0.0;2.0;0.0;0.0;0.0;0.0
Smallingerland;313346;56040;43.2;478;49330;2958;3752;6710;2221;79.0;4.4;40.9;G0090;10405;Leeuwarden;K2;43700;34401;156;58;34187;5242;3970;3622;4599;2659;2970;1364;2700;1042;2986;368;532;638;109;279;451.0;81;88;20;83.0;88;48.0;107.0;27.0;30.0;0.0;9;18.0;39.0;0.0;0.0;10.0;0.0;0.0;7.0;0.0;1.0
Soest;612438;46906;43.9;1014;36644;4123;6139;10262;1411;51.0;3.6;50.5;G0342;11021;Utrecht;K8;36070;29941;60;52;29829;7975;5177;2643;2742;1076;1256;1360;1273;1290;1115;751;880;398;926;273;82.0;112;78;48;93.0;44;58.0;44.0;29.0;41.0;0.0;17;6.0;12.0;19.0;1.0;10.0;0.0;0.0;0.0;0.0;0.0
Someren;490970;19428;43.6;242;17419;1437;572;2009;592;32.0;3.1;48.2;G0847;10203;'s-Hertogenbosch;K18;15383;12185;8;18;12159;3876;1385;1586;1636;814;341;288;521;260;81;178;335;9;14;172;495.0;7;32;6;26.0;11;20.0;19.0;9.0;10.0;11.0;2;2.0;3.0;10.0;0.0;0.0;0.0;0.0;0.0;0.0;0.0
Son en Breugel;684344;17552;43.7;676;15100;1582;870;2452;705;22.0;3.2;53.8;G0848;10549;'s-Hertogenbosch;K18;13456;11267;10;18;11239;3398;2081;977;1296;624;425;459;448;398;160;256;284;21;28;150;53.0;16;26;0;39.0;19;17.0;16.0;15.0;6.0;8.0;5;1.0;1.0;12.0;0.0;0.0;0.0;0.0;0.0;0.0;0.0
Stadskanaal;324608;31754;45.9;270;29068;1490;1196;2686;1007;34.0;3.8;37.9;G0037;10610;Groningen;K1;25742;18693;34;36;18623;2689;1332;2933;2509;2013;1579;389;1410;393;1752;130;260;322;16;199;368.0;22;52;1;27.0;31;14.0;59.0;16.0;11.0;0.0;0;61.0;12.0;15.0;0.0;8.0;0.0;0.0;0.0;0.0;0.0
Staphorst;383178;17261;37.7;129;16441;448;372;820;334;12.0;2.9;51.6;G0180;11362;Zwolle;K4;12393;11328;8;5;11315;1071;393;918;1311;186;212;103;896;98;1509;78;326;3834;5;47;244.0;4;13;2;7.0;5;4.0;19.0;6.0;5.0;5.0;4;2.0;7.0;0.0;0.0;0.0;1.0;0.0;0.0;0.0;0.0
Stede Broec;360833;21743;43.1;1500;18701;1859;1183;3042;716;27.0;3.3;45.2;G0532;11337;Den Helder;K11;16566;13167;16;15;13136;3414;1685;1682;1479;901;603;411;920;400;189;219;459;59;55;210;128.0;32;84;3;45.0;22;35.0;30.0;21.0;19.0;10.0;3;6.0;3.0;8.0;1.0;0.0;0.0;0.0;0.0;0.0;0.0
Steenbergen;392448;24310;44.8;166;20633;2664;1013;3677;727;28.0;3.2;42.1;G0851;10731;Tilburg;K17;18705;14455;19;14;14422;4193;1417;2552;1353;1064;617;332;907;376;228;130;487;158;33;193;167.0;19;55;7;24.0;20;11.0;0.0;13.0;17.0;14.0;2;9.0;13.0;11.0;0.0;0.0;0.0;0.0;0.0;0.0;0.0
Steenwijkerland;432566;44341;44.2;154;40353;2127;1861;3988;1312;21.0;3.2;42.9;G1708;10546;Zwolle;K4;35106;28604;36;30;28538;6015;2832;3467;4159;1758;1927;903;1710;777;1940;349;709;399;118;235;776.0;48;83;7;69.0;38;34.0;66.0;25.0;15.0;36.0;10;15.0;10.0;0.0;3.0;0.0;2.0;3.0;0.0;0.0;0.0
Stein;310311;24875;47.8;1180;21342;2649;884;3533;798;20.0;3.3;43.3;G0971;11319;Maastricht;K19;20658;16422;0;19;16403;3219;1717;3241;1646;1316;1413;494;1360;569;83;209;322;17;28;337;93.0;29;59;18;54.0;28;22.0;40.0;17.0;17.0;25.0;9;4.0;0.0;15.0;0.0;0.0;0.0;2.0;0.0;0.0;0.0
Stichtse Vecht;658872;65108;43.1;678;52592;6017;6499;12516;2178;86.0;3.2;53.8;G1904;10191;Utrecht;K8;49687;40711;45;48;40618;10964;6724;4332;3805;1711;1923;1846;1715;1388;1292;1055;1136;721;406;409;239.0;222;131;99;117.0;71;66.0;71.0;32.0;49.0;0.0;18;23.0;21.0;14.0;7.0;11.0;0.0;0.0;0.0;0.0;0.0
Sdwest-Frysln;341770;89999;44.1;172;81537;4607;3855;8462;2783;84.0;3.7;42.8;G1900;11421;Leeuwarden;K2;70892;57972;65;77;57830;10643;6993;5595;10050;3543;5188;1958;4341;1940;2185;789;1282;278;92;457;1469.0;97;197;16;166.0;111;113.0;110.0;47.0;43.0;0.0;24;19.0;69.0;0.0;0.0;5.0;0.0;0.0;7.0;0.0;3.0
Terneuzen;273983;54463;45.9;218;38819;11034;4610;15644;1905;61.0;4.0;41.6;G0715;10704;Middelburg;K16;39627;29334;147;38;29149;6008;2722;4287;3268;1898;1982;731;2005;748;1352;297;729;1193;404;553;450.0;63;96;23;86.0;67;43.0;0.0;26.0;23.0;41.0;24;13.0;16.0;0.0;0.0;0.0;1.0;0.0;0.0;0.0;0.0
Terschelling;493591;4870;45.1;57;4500;273;97;370;170;3.0;3.1;46.5;G0093;11210;Leeuwarden;K2;4083;3955;4;7;3944;955;582;328;374;193;492;184;164;180;65;110;107;5;1;28;83.0;10;17;0;11.0;8;16.0;12.0;4.0;3.0;0.0;1;1.0;3.0;0.0;0.0;1.0;0.0;0.0;5.0;0.0;1.0
Texel;505368;13656;46.8;84;12121;982;553;1535;448;7.0;3.0;43.4;G0448;10237;Den Helder;K11;11047;10183;8;19;10156;2365;1421;901;1146;588;761;521;551;499;216;192;340;56;16;63;273.0;30;28;1;45.0;30;36.0;26.0;9.0;6.0;17.0;5;1.0;1.0;10.0;0.0;0.0;0.0;2.0;0.0;0.0;0.0
Teylingen;693460;37791;42.9;1332;31455;3700;2636;6336;1050;45.0;3.4;54.5;G1525;10017;Leiden;K15;28816;24626;25;40;24561;7391;4396;2099;2774;1007;898;1044;1029;843;569;633;807;67;127;285;86.0;64;124;35;95.0;48;34.0;0.0;27.0;26.0;23.0;17;5.0;4.0;0.0;3.0;0.0;0.0;0.0;0.0;1.0;0.0
Tholen;307890;26085;41.4;178;23543;1561;981;2542;637;38.0;3.5;45.2;G0716;10376;Middelburg;K16;19689;15785;19;13;15753;2730;795;2034;1454;720;624;253;895;328;1021;88;379;3825;61;130;228.0;22;31;11;10.0;23;9.0;0.0;19.0;8.0;11.0;8;7.0;29.0;0.0;0.0;0.0;0.0;0.0;0.0;0.0;0.0
Tiel;410579;41920;42.1;1275;30462;4531;6927;11458;2116;45.0;4.5;42.2;G0281;10027;Nijmegen;K6;31546;23306;68;30;23208;5684;2806;3283;1653;1478;1442;906;1365;771;500;368;611;185;1057;315;82.0;77;149;117;71.0;30;35.0;62.0;23.0;26.0;26.0;12;31.0;17.0;26.0;0.0;0.0;0.0;0.0;0.0;0.0;0.0
Tilburg;384778;221947;40.5;1762;157095;27845;37007;64852;12804;392.0;3.9;38.0;G0855;10792;Tilburg;K17;165550;119494;372;234;118888;25803;21430;12245;7811;8912;6057;8255;6671;5078;1037;3676;2236;127;3891;1706;343.0;1145;368;445;432.0;346;218.0;0.0;128.0;95.0;121.0;78;30.0;55.0;90.0;41.0;0.0;18.0;0.0;0.0;0.0;0.0
Tubbergen;500586;21315;42.4;145;20286;725;304;1029;302;10.0;2.7;50.9;G0183;10694;Zwolle;K4;16884;14355;12;18;14325;3578;978;1509;5074;367;245;165;540;145;91;132;352;30;2;70;934.0;4;33;0;16.0;8;9.0;15.0;3.0;3.0;13.0;0;1.0;5.0;0.0;0.0;0.0;0.0;3.0;0.0;0.0;0.0
Twenterand;430227;33699;41.7;317;31862;1023;814;1837;812;21.0;3.1;44.9;G1700;10643;Zwolle;K4;26061;20893;36;22;20835;3583;1123;3145;4950;989;717;260;1174;270;1823;137;385;1007;19;146;840.0;17;75;0;26.0;26;16.0;50.0;16.0;6.0;3.0;6;4.0;16.0;0.0;1.0;0.0;1.0;4.0;0.0;0.0;0.0
Tynaarlo;456806;33978;45.3;238;30965;1799;1214;3013;885;46.0;3.1;50.3;G1730;10002;Assen;K3;26644;22721;24;21;22676;5211;4618;1565;1975;1264;2051;1461;752;949;1022;527;382;69;11;171;299.0;43;47;2;69.0;32;36.0;31.0;14.0;14.0;42.0;5;5.0;5.0;0.0;0.0;0.0;0.0;0.0;0.0;4.0;0.0
Tytsjerksteradiel;357346;32060;44.2;215;29978;1016;1066;2082;707;21.0;3.5;43.8;G0737;11241;Leeuwarden;K2;25325;20982;34;37;20911;3172;2369;2280;3921;1372;1684;717;1547;659;1358;213;371;252;9;162;445.0;36;55;5;70.0;58;22.0;52.0;11.0;25.0;0.0;12;1.0;14.0;0.0;0.0;5.0;0.0;0.0;12.0;0.0;2.0
Uitgeest;428894;13632;42.1;711;11847;954;831;1785;438;28.0;3.3;51.8;G0450;11238;Den Helder;K11;10629;9173;12;18;9143;2514;1608;835;816;494;551;464;426;359;98;190;298;18;21;94;74.0;26;40;7;37.0;33;23.0;24.0;8.0;11.0;16.0;15;28.0;3.0;8.0;2.0;0.0;0.0;2.0;0.0;0.0;0.0
Uithoorn;498577;30206;42.1;1665;21541;3735;4930;8665;983;37.0;4.0;49.5;G0451;11206;Haarlem;K10;21900;17951;41;15;17895;5076;2843;1919;1546;819;866;726;1049;693;259;386;627;44;251;217;92.0;129;75;40;65.0;33;27.0;44.0;17.0;16.0;0.0;12;4.0;0.0;12.0;0.0;7.0;0.0;1.0;0.0;0.0;0.0
Urk;352792;21227;32.4;1614;20318;374;535;909;571;9.0;2.7;52.1;G0184;10783;Lelystad;K5;14036;12819;6;12;12801;222;70;1765;994;29;32;28;1223;33;1036;32;109;6972;26;7;10.0;7;0;0;7.0;14;1.0;0.0;1.0;1.0;0.0;3;4.0;175.0;0.0;0.0;0.0;0.0;0.0;0.0;0.0;0.0
Utrecht;449878;359370;36.1;3830;228481;44113;86776;130889;21839;681.0;4.5;40.9;G0344;10722;Utrecht;K8;256916;209772;390;298;209084;30675;54091;10377;8442;6784;11717;27241;4627;11835;4828;14043;2809;596;11387;960;242.0;4426;298;1480;616.0;593;218.0;105.0;80.0;188.0;0.0;168;43.0;53.0;63.0;37.0;62.0;0.0;0.0;0.0;0.0;0.0
Utrechtse Heuvelrug;588045;49946;45.2;378;41885;4239;3822;8061;1597;109.0;3.5;54.2;G1581;10777;Utrecht;K8;38878;32604;36;47;32521;7667;6255;2395;2970;1234;1589;1888;1041;1824;1494;1030;711;1158;316;246;168.0;98;47;48;92.0;40;33.0;41.0;19.0;29.0;0.0;12;14.0;20.0;17.0;0.0;25.0;0.0;0.0;0.0;0.0;0.0
Vaals;398087;10084;48.3;422;4795;4746;543;5289;312;14.0;5.8;37.4;G0981;10007;Maastricht;K19;5985;4392;13;16;4363;831;465;775;541;363;356;191;280;192;28;63;73;7;14;59;42.0;10;5;7;11.0;4;10.0;6.0;5.0;2.0;10.0;4;2.0;0.0;6.0;0.0;0.0;1.0;0.0;0.0;0.0;0.0
Valkenburg aan de Geul;567264;16365;49.2;446;13844;1914;607;2521;706;22.0;3.5;43.7;G0994;11077;Maastricht;K19;13519;10980;22;14;10944;2687;1372;1685;1259;694;893;408;591;467;93;186;230;5;11;139;55.0;13;24;6;30.0;17;12.0;17.0;11.0;12.0;10.0;4;1.0;0.0;12.0;0.0;0.0;0.0;0.0;0.0;0.0;0.0
Valkenswaard;545552;31221;46.1;568;26615;2974;1632;4606;1219;31.0;3.5;44.8;G0858;11031;'s-Hertogenbosch;K18;25041;19563;19;31;19513;5442;2592;2632;2159;1622;1009;658;953;550;154;357;455;17;11;329;114.0;33;113;4;56.0;41;42.0;38.0;43.0;17.0;11.0;5;31.0;3.0;21.0;0.0;0.0;1.0;0.0;0.0;0.0;0.0
Veendam;292940;27417;44.6;361;23737;1520;2160;3680;1035;21.0;4.1;38.8;G0047;11292;Groningen;K1;22011;16418;23;33;16362;2817;1692;2507;1237;2044;1795;476;1246;469;489;146;344;69;250;214;228.0;27;81;16;47.0;37;21.0;39.0;7.0;10.0;0.0;11;19.0;5.0;14.0;1.0;4.0;0.0;0.0;0.0;0.0;0.0
Veenendaal;415109;66912;40.5;3438;54234;4140;8538;12678;2575;163.0;3.6;45.1;G0345;11052;Utrecht;K8;50437;41005;79;51;40875;8649;3609;3904;4186;1676;1278;1161;1970;715;5652;485;989;4109;1140;315;144.0;110;119;314;86.0;49;44.0;55.0;22.0;23.0;0.0;13;17.0;21.0;14.0;3.0;3.0;0.0;0.0;0.0;0.0;0.0
Veere;514628;21953;46.2;166;19981;1401;571;1972;553;8.0;2.9;49.1;G0717;10369;Middelburg;K16;17408;15303;17;14;15272;3468;1589;979;2050;556;874;381;636;526;900;178;342;2210;5;169;210.0;20;34;3;39.0;21;13.0;0.0;15.0;10.0;14.0;3;8.0;19.0;0.0;0.0;0.0;0.0;0.0;0.0;0.0;0.0
Veldhoven;519471;45500;44.0;1436;36664;4876;3960;8836;1492;51.0;3.4;50.1;G0861;10071;'s-Hertogenbosch;K18;34559;27882;46;43;27793;8339;4089;3187;2671;2210;1319;1074;1322;747;334;666;593;46;91;419;90.0;52;151;22;80.0;48;55.0;41.0;46.0;22.0;15.0;9;11.0;9.0;34.0;0.0;0.0;1.0;0.0;0.0;0.0;0.0
Velsen;472462;68617;43.6;1518;54966;6856;6795;13651;2699;79.0;3.6;45.5;G0453;10620;Haarlem;K10;53388;41658;79;79;41500;9902;6625;5815;2834;2615;2271;1779;2676;1726;877;875;1210;106;562;501;128.0;165;180;45;125.0;84;73.0;128.0;45.0;39.0;0.0;16;29.0;0.0;46.0;2.0;14.0;0.0;7.0;0.0;0.0;0.0
Venlo;371005;101988;44.2;821;71857;17464;12667;30131;5623;177.0;4.0;40.2;G0983;10477;Maastricht;K19;76044;55910;83;129;55698;11983;7273;10215;5329;3803;3473;2342;3251;1712;317;815;1120;64;1840;814;190.0;120;141;178;150.0;99;72.0;104.0;62.0;46.0;59.0;44;30.0;0.0;40.0;0.0;0.0;6.0;6.0;0.0;0.0;0.0
Venray;380252;43713;44.1;268;34470;5147;4096;9243;1670;51.0;3.9;45.4;G0984;11222;Maastricht;K19;33675;25870;44;56;25770;6325;3647;3291;3419;2110;1314;995;1261;585;157;433;491;32;374;329;549.0;45;73;54;55.0;30;40.0;46.0;19.0;19.0;24.0;9;7.0;0.0;19.0;0.0;0.0;12.0;6.0;0.0;0.0;0.0
Vijfheerenlanden;546902;57829;41.9;395;47698;3690;6441;10131;1817;71.0;3.2;48.1;G1961;10685;Utrecht;K8;44353;35692;55;48;35589;7902;3792;4089;4265;1608;1637;985;1612;865;2532;451;804;2813;962;333;285.0;104;92;76;73.0;61;39.0;59.0;31.0;18.0;0.0;17;30.0;15.0;30.0;3.0;6.0;0.0;0.0;0.0;0.0;0.0
Vlaardingen;334702;73924;42.8;3136;49422;8243;16259;24502;3888;185.0;4.7;40.3;G0622;10811;Dordrecht;K14;54667;40381;86;78;40217;8374;5066;5479;2734;2942;2353;1619;2277;1431;1173;578;1431;574;2393;500;76.0;277;207;275;120.0;86;64.0;0.0;35.0;34.0;37.0;20;17.0;23.0;0.0;0.0;0.0;0.0;7.0;0.0;15.0;0.0
Vlieland;385608;1194;43.8;30;997;171;26;197;80;1.0;3.2;46.5;G0096;10211;Leeuwarden;K2;911;954;0;0;954;248;188;66;67;65;64;54;32;52;15;29;31;0;0;11;6.0;6;6;0;3.0;1;3.0;5.0;0.0;2.0;0.0;0;0.0;0.0;0.0;0.0;0.0;0.0;0.0;0.0;0.0;0.0
Vlissingen;327809;44358;45.0;1293;32362;6461;5535;11996;1973;42.0;4.3;37.4;G0718;10270;Middelburg;K16;33880;24444;48;51;24345;4975;2987;2867;1945;1854;1899;920;1824;1014;789;355;608;493;399;544;150.0;127;138;51;97.0;79;45.0;0.0;26.0;39.0;35.0;7;34.0;33.0;0.0;0.0;0.0;11.0;0.0;0.0;0.0;0.0
Voerendaal;416451;12466;47.2;396;10699;1333;434;1767;305;9.0;3.5;47.3;G0986;11341;Maastricht;K19;10148;8436;10;21;8405;1909;1115;1209;1064;595;699;314;436;350;80;127;174;11;17;106;61.0;14;21;0;32.0;10;16.0;10.0;11.0;6.0;10.0;1;3.0;0.0;4.0;0.0;0.0;0.0;0.0;0.0;0.0;0.0
Voorschoten;674926;25650;44.0;2303;19799;3314;2537;5851;767;24.0;3.5;53.9;G0626;10537;Leiden;K15;18100;16280;26;13;16241;4410;3362;1285;1516;630;789;955;552;679;372;551;483;56;107;138;38.0;61;87;31;46.0;26;18.0;0.0;9.0;19.0;8.0;6;2.0;3.0;0.0;1.0;0.0;0.0;0.0;0.0;1.0;0.0
Voorst;652660;24790;45.0;202;22654;1250;886;2136;696;33.0;2.9;49.1;G0285;10912;Arnhem;K7;19711;16429;22;18;16389;4598;2336;1344;2188;824;859;619;524;443;437;278;348;299;63;180;811.0;20;60;1;36.0;21;28.0;19.0;8.0;4.0;15.0;3;12.0;11.0;0.0;0.0;0.0;0.0;0.0;0.0;0.0;0.0
Vught;684843;31669;43.7;527;27398;2728;1543;4271;1016;42.0;3.0;58.5;G0865;11224;'s-Hertogenbosch;K18;24436;19853;23;18;19812;5765;4272;1508;1831;1323;959;994;635;717;220;539;353;27;35;173;95.0;50;50;7;52.0;36;31.0;27.0;19.0;10.0;18.0;7;39.0;4.0;14.0;0.0;0.0;2.0;0.0;0.0;0.0;0.0
Waadhoeke;286729;46149;44.1;162;41893;2571;1685;4256;1067;29.0;3.5;41.2;G1949;10404;Leeuwarden;K2;36073;28883;37;33;28813;5118;3101;2866;4929;2151;2841;935;2135;894;1212;361;517;153;30;223;866.0;37;88;3;88.0;59;44.0;61.0;17.0;18.0;0.0;6;25.0;20.0;0.0;0.0;6.0;0.0;0.0;6.0;0.0;3.0
Waalre;943870;17544;44.8;784;14332;2008;1204;3212;553;27.0;3.3;59.2;G0866;10959;'s-Hertogenbosch;K18;13261;11246;21;21;11204;3225;2271;912;1127;654;462;556;383;406;135;416;222;20;22;134;26.0;29;36;9;41.0;25;17.0;21.0;19.0;10.0;3.0;5;2.0;2.0;10.0;0.0;0.0;4.0;0.0;0.0;0.0;0.0
Waalwijk;391664;48815;43.4;756;39281;5188;4346;9534;1889;56.0;3.3;44.6;G0867;11359;Tilburg;K17;36973;28289;44;53;28192;7732;3459;3998;2685;2115;1086;870;1505;790;747;326;666;614;522;363;150.0;41;105;42;87.0;53;51.0;0.0;37.0;24.0;26.0;18;32.0;15.0;29.0;1.0;0.0;3.0;0.0;0.0;0.0;0.0
Waddinxveen;396721;30479;41.0;1098;24928;2492;3059;5551;1015;38.0;3.2;48.0;G0627;10081;Leiden;K15;22877;18829;26;21;18782;4402;2159;1828;1716;764;762;494;984;487;1742;266;616;1538;323;212;73.0;43;89;76;47.0;26;31.0;0.0;25.0;16.0;19.0;7;19.0;12.0;0.0;3.0;0.0;0.0;0.0;0.0;3.0;0.0
Wageningen;477162;39635;39.2;1303;28409;5613;5613;11226;1197;68.0;4.7;32.9;G0289;11010;Arnhem;K7;28607;24499;40;30;24429;3155;5522;1247;1443;1173;1797;3484;622;1457;1016;1951;331;192;158;124;82.0;303;46;43;59.0;75;32.0;20.0;4.0;18.0;40.0;18;4.0;6.0;0.0;7.0;0.0;0.0;0.0;0.0;0.0;0.0
Wassenaar;1583386;26949;45.4;527;17359;5811;3779;9590;1019;62.0;4.1;77.0;G0629;10164;Leiden;K15;18139;15315;23;16;15276;5594;2475;1589;1477;428;443;430;595;539;225;447;490;41;44;111;57.0;53;96;2;31.0;19;16.0;0.0;10.0;20.0;22.0;13;4.0;4.0;0.0;0.0;0.0;0.0;0.0;0.0;1.0;0.0
Waterland;606395;17312;45.5;332;14931;1362;1019;2381;436;27.0;3.3;54.8;G0852;10983;Den Helder;K11;13588;11856;28;18;11810;2888;1948;1160;1201;514;773;660;529;550;208;359;406;30;23;104;143.0;78;28;7;30.0;23;13.0;27.0;8.0;13.0;66.0;8;3.0;1.0;8.0;1.0;0.0;0.0;0.0;0.0;0.0;0.0
Weert;454654;50011;45.2;479;38936;5787;5288;11075;2007;69.0;3.7;45.1;G0988;11081;Maastricht;K19;39345;29912;53;50;29809;7257;3833;4277;3254;2030;1551;1759;1700;775;213;495;764;36;614;368;195.0;58;73;97;111.0;54;60.0;76.0;43.0;18.0;31.0;11;26.0;0.0;19.0;0.0;0.0;9.0;2.0;0.0;0.0;0.0
West Betuwe;556364;51496;42.2;238;46329;2992;2175;5167;1765;49.0;3.1;52.5;G1960;10881;Nijmegen;K6;39928;33293;30;29;33234;8238;3470;4521;3587;1286;1424;909;1786;815;1384;490;928;3129;115;312;357.0;50;89;29;73.0;33;41.0;59.0;27.0;19.0;18.0;4;15.0;15.0;11.0;0.0;0.0;0.0;0.0;0.0;0.0;0.0
West Maas en Waal;422321;19581;44.4;255;17869;1097;615;1712;474;28.0;3.1;48.1;G0668;10042;Nijmegen;K6;15739;12916;12;23;12881;4032;1473;1760;1551;1122;461;356;560;346;102;156;342;18;12;183;188.0;13;55;9;23.0;25;13.0;23.0;16.0;4.0;20.0;4;3.0;2.0;9.0;0.0;0.0;0.0;0.0;0.0;0.0;0.0
Westerkwartier;341760;63678;43.0;176;58901;2752;2025;4777;1434;21.0;3.7;45.1;G1969;10604;Groningen;K1;50199;40878;53;68;40757;6573;4818;3903;5897;2731;2898;1934;2105;1188;3925;592;726;695;34;325;1750.0;84;111;6;87.0;58;54.0;76.0;34.0;29.0;0.0;11;31.0;39.0;31.0;1.0;11.0;0.0;0.0;0.0;0.0;0.0
Westerveld;489460;19661;48.5;71;18363;854;444;1298;386;31.0;3.2;46.0;G1701;10186;Assen;K3;16405;13816;16;22;13778;3202;1837;1264;1465;829;1208;651;599;803;394;223;355;79;13;133;468.0;17;41;4;49.0;31;16.0;33.0;10.0;9.0;30.0;4;7.0;4.0;0.0;0.0;0.0;0.0;0.0;0.0;0.0;0.0
Westervoort;328721;15014;43.9;2136;12151;1405;1458;2863;445;14.0;3.9;42.6;G0293;11085;Arnhem;K7;11913;9293;11;20;9262;2080;1353;1316;871;794;620;430;445;357;185;149;218;23;73;73;37.0;24;52;13;43.0;13;12.0;18.0;12.0;11.0;15.0;12;3.0;8.0;0.0;2.0;0.0;0.0;0.0;0.0;0.0;0.0
Westerwolde;280138;26215;46.5;95;22465;1607;2143;3750;1030;29.0;3.7;39.6;G1950;11249;Groningen;K1;20397;15258;18;28;15212;2484;1291;2636;1597;1597;1405;507;1146;646;415;132;317;96;12;186;474.0;12;65;1;32.0;23;21.0;43.0;13.0;9.0;0.0;6;14.0;16.0;11.0;1.0;4.0;0.0;0.0;0.0;0.0;0.0
Westland;493462;111382;42.1;1371;93168;10234;7980;18214;3947;162.0;3.0;50.1;G1783;11418;Dordrecht;K14;83002;68635;96;104;68435;21462;6870;9408;8973;2108;1772;1243;4751;1653;2097;859;3099;1019;599;622;281.0;94;660;129;266.0;83;101.0;0.0;49.0;74.0;72.0;27;11.0;39.0;0.0;0.0;0.0;0.0;12.0;0.0;2.0;0.0
Weststellingwerf;383159;26130;45.2;119;24034;1102;994;2096;640;12.0;3.7;41.5;G0098;11322;Leeuwarden;K2;21073;16515;15;26;16474;3424;1728;2258;2093;1277;1355;526;1112;593;385;193;368;94;36;166;522.0;20;62;37;48.0;35;18.0;40.0;18.0;15.0;0.0;10;10.0;14.0;0.0;0.0;9.0;0.0;0.0;6.0;0.0;2.0
Westvoorne;928342;14900;47.8;280;13182;1074;644;1718;396;23.0;3.0;59.2;G0614;10009;Dordrecht;K14;12223;10144;6;7;10131;3367;1281;1347;824;433;493;195;618;378;179;139;479;39;7;111;68.0;17;52;0;39.0;13;12.0;0.0;12.0;9.0;8.0;5;2.0;1.0;0.0;0.0;0.0;0.0;2.0;0.0;1.0;0.0
Wierden;442829;24538;42.8;259;22747;1104;687;1791;477;21.0;2.9;51.7;G0189;10676;Zwolle;K4;19150;16545;23;16;16506;4058;1298;1508;4038;495;497;313;733;191;1289;123;426;641;16;107;556.0;15;59;1;16.0;22;14.0;25.0;7.0;6.0;9.0;3;31.0;9.0;0.0;0.0;0.0;0.0;0.0;0.0;0.0;0.0
Wijchen;431828;41261;44.0;623;35988;3130;2143;5273;1446;67.0;3.7;47.2;G0296;10723;Nijmegen;K6;32747;26649;45;36;26568;7542;4067;3164;2849;2056;1339;1043;1101;791;256;484;732;23;149;325;193.0;63;64;22;73.0;39;45.0;39.0;26.0;24.0;21.0;5;6.0;6.0;21.0;0.0;0.0;0.0;0.0;0.0;0.0;0.0
Wijdemeren;1018327;24463;45.4;514;20880;2214;1369;3583;709;32.0;3.4;56.5;G1696;10534;Haarlem;K10;19336;16377;26;18;16333;5093;2651;1643;1654;645;641;613;752;640;428;361;497;118;38;131;130.0;57;55;7;56.0;21;16.0;35.0;10.0;18.0;0.0;7;4.0;0.0;6.0;1.0;3.0;0.0;2.0;0.0;0.0;0.0
Wijk bij Duurstede;424131;23925;43.4;502;21098;1540;1287;2827;530;42.0;3.4;51.5;G0352;10760;Utrecht;K8;18913;15724;26;18;15680;4209;2316;1702;1537;839;801;636;796;580;477;342;428;391;84;163;117.0;34;50;6;41.0;22;22.0;32.0;9.0;12.0;0.0;5;6.0;3.0;10.0;0.0;10.0;0.0;0.0;0.0;0.0;0.0
Winterswijk;340505;29022;45.0;210;24627;2505;1890;4395;1073;22.0;3.4;42.2;G0294;11119;Arnhem;K7;22952;18370;28;36;18306;4195;2808;1600;2318;1312;1431;721;867;427;347;242;401;60;145;152;958.0;24;65;9;58.0;30;22.0;43.0;16.0;11.0;19.0;10;7.0;8.0;0.0;0.0;0.0;0.0;0.0;0.0;0.0;0.0
Woensdrecht;342137;22028;45.8;240;16593;4648;787;5435;781;40.0;3.5;45.2;G0873;10602;Tilburg;K17;16236;12269;21;13;12235;3647;1245;2093;1182;910;555;280;755;362;114;130;401;17;34;198;97.0;21;55;2;32.0;19;26.0;0.0;19.0;10.0;9.0;4;3.0;1.0;14.0;0.0;0.0;0.0;0.0;0.0;0.0;0.0
Woerden;608554;52694;41.8;595;44326;3690;4678;8368;1982;68.0;3.7;52.4;G0632;10974;Utrecht;K8;40201;34121;37;59;34025;8614;5436;2651;4219;1198;1443;1488;1209;1039;1885;766;913;1133;489;507;266.0;132;100;120;139.0;55;59.0;64.0;9.0;19.0;0.0;7;32.0;14.0;14.0;1.0;4.0;0.0;0.0;0.0;0.0;0.0
Wormerland;641430;16333;44.9;423;14002;1046;1285;2331;399;17.0;3.4;50.1;G0880;10648;Den Helder;K11;13027;10817;10;11;10796;2647;1722;1089;823;819;705;563;482;536;238;200;264;39;83;141;151.0;52;56;5;60.0;20;16.0;27.0;14.0;13.0;3.0;5;8.0;3.0;8.0;2.0;0.0;0.0;2.0;0.0;0.0;0.0
Woudenberg;402981;13639;40.4;373;12161;661;817;1478;362;25.0;2.9;52.4;G0351;11398;Utrecht;K8;10215;8763;16;24;8723;1872;745;638;1057;225;290;186;441;204;815;97;184;1686;24;54;71.0;12;23;10;18.0;10;9.0;20.0;3.0;7.0;0.0;1;3.0;9.0;6.0;0.0;3.0;0.0;0.0;0.0;0.0;0.0
Zaanstad;363315;156901;41.7;2124;103575;17675;35651;53326;6672;187.0;4.7;42.5;G0479;11044;Den Helder;K11;112516;87049;244;172;86633;16835;12682;10659;4796;6494;6510;4804;4904;4097;1458;1565;2065;352;4041;1185;382.0;1371;395;403;310.0;280;168.0;249.0;108.0;92.0;147.0;60;59.0;38.0;77.0;36.0;0.0;0.0;11.0;0.0;0.0;0.0
Zaltbommel;505869;29447;40.6;371;25161;2446;1840;4286;1187;28.0;3.2;49.2;G0297;10557;Nijmegen;K6;21513;17802;24;15;17763;3755;1963;1765;1716;815;762;617;808;459;1182;310;370;2520;220;129;81.0;32;59;21;46.0;14;25.0;35.0;16.0;10.0;7.0;4;7.0;10.0;5.0;0.0;0.0;0.0;0.0;0.0;0.0;0.0
Zandvoort;731384;17168;46.9;534;13105;2495;1568;4063;1088;19.0;4.0;45.7;G0473;10910;Haarlem;K10;13503;10756;33;14;10709;3214;1449;1599;702;504;536;354;683;528;83;231;382;12;42;115;25.0;39;60;3;35.0;26;18.0;15.0;18.0;15.0;0.0;7;2.0;0.0;8.0;0.0;2.0;0.0;2.0;0.0;0.0;0.0
Zeewolde;375369;22879;40.0;93;18739;2826;1314;4140;786;31.0;3.5;48.3;G0050;10012;Lelystad;K5;16680;13987;22;19;13946;3704;1670;1497;1569;534;442;471;967;410;1033;272;538;243;52;138;190.0;35;57;9;40.0;16;16.0;0.0;11.0;12.0;0.0;3;9.0;6.0;0.0;1.0;0.0;1.0;0.0;0.0;0.0;0.0
Zeist;775310;65043;42.6;1341;49595;6348;9100;15448;2639;240.0;3.8;52.3;G0355;10324;Utrecht;K8;49108;40072;58;71;39943;9305;8242;2885;2968;1518;1964;2959;1311;2078;1502;1413;755;612;1124;298;61.0;257;104;155;124.0;83;48.0;45.0;21.0;32.0;0.0;17;15.0;13.0;15.0;1.0;18.0;0.0;0.0;0.0;0.0;0.0
Zevenaar;350710;44096;45.3;476;37457;4411;2228;6639;1292;38.0;3.8;42.3;G0299;10938;Arnhem;K7;35565;27903;28;40;27835;7490;3717;3591;3243;2079;1656;1061;1373;880;297;366;658;29;180;382;281.0;56;125;12;72.0;54;50.0;59.0;28.0;26.0;25.0;10;25.0;9.0;0.0;1.0;0.0;0.0;0.0;0.0;0.0;0.0
Zoetermeer;395392;125267;42.0;3636;84275;13654;27338;40992;5349;130.0;4.9;44.9;G0637;10766;Leiden;K15;95546;73943;162;131;73650;18287;10871;9439;4927;4379;3929;3227;4528;2760;2033;1326;2158;751;1290;1018;193.0;527;746;202;262.0;173;143.0;0.0;84.0;75.0;122.0;42;51.0;39.0;0.0;54.0;0.0;0.0;0.0;0.0;14.0;0.0
Zoeterwoude;533713;8843;43.5;417;7675;573;595;1168;278;11.0;3.0;53.7;G0638;11074;Leiden;K15;7019;5901;7;9;5885;1523;1001;583;725;267;222;293;265;237;122;141;143;40;29;54;155.0;13;8;1;10.0;13;12.0;0.0;8.0;10.0;6.0;3;0.0;1.0;0.0;0.0;0.0;0.0;0.0;0.0;0.0;0.0
Zuidplas;508477;45064;41.2;777;36918;3720;4426;8146;1512;76.0;3.3;54.2;G1892;10855;Leiden;K15;34063;27746;47;35;27664;7124;3364;2823;2403;1200;1140;801;1463;820;1846;434;1118;1786;329;245;124.0;92;122;57;72.0;41;55.0;0.0;30.0;25.0;39.0;8;81.0;17.0;0.0;2.0;0.0;0.0;0.0;0.0;3.0;0.0
Zundert;457421;21988;45.3;182;18427;2717;844;3561;624;23.0;3.0;48.7;G0879;11192;Tilburg;K17;17244;13451;23;24;13404;4461;1454;1738;1800;886;448;288;630;313;85;161;344;20;42;197;329.0;21;50;17;37.0;8;20.0;0.0;7.0;11.0;13.0;11;4.0;4.0;5.0;0.0;0.0;0.0;0.0;0.0;0.0;0.0
Zutphen;365562;48111;44.4;1175;39289;4182;4640;8822;2283;57.0;4.0;40.4;G0301;10254;Arnhem;K7;37888;30290;51;39;30200;5256;5354;2530;2121;2382;2453;2402;1362;2186;889;766;515;119;517;270;323.0;149;101;41;111.0;62;38.0;53.0;25.0;27.0;95.0;19;12.0;19.0;0.0;3.0;0.0;0.0;0.0;0.0;0.0;0.0
Zwartewaterland;303306;22823;39.1;277;21343;883;597;1480;508;7.0;2.9;49.0;G1896;10746;Zwolle;K4;16766;14382;38;10;14334;2038;760;1331;2060;541;491;212;648;166;2258;102;252;3041;13;85;204.0;5;32;2;16.0;9;11.0;23.0;4.0;4.0;4.0;5;3.0;10.0;0.0;2.0;0.0;1.0;1.0;0.0;0.0;0.0
Zwijndrecht;369941;44775;43.5;2206;34159;3697;6919;10616;1428;45.0;3.9;44.0;G0642;10468;Dordrecht;K14;34589;26030;50;47;25933;5845;2806;3386;2365;1608;1313;747;1508;731;1591;272;856;1129;685;372;64.0;107;131;133;72.0;58;34.0;0.0;35.0;14.0;20.0;5;13.0;26.0;0.0;0.0;0.0;0.0;4.0;0.0;3.0;0.0
Zwolle;359988;129840;39.7;1169;106962;8818;14060;22878;6768;128.0;3.7;42.0;G0193;10093;Zwolle;K4;99879;82028;127;153;81748;14635;15237;5467;7057;4539;5400;6231;3347;3481;7656;2383;1367;852;1085;547;427.0;545;223;83;297.0;227;124.0;133.0;51.0;72.0;116.0;42;41.0;65.0;0.0;5.0;0.0;7.0;6.0;0.0;0.0;0.0
