Gemeenten;Vraagprijs aangeboden woningen|2021;Bevolking totaal|2021;Leeftijd bevolking|2021;Bevolkingsdichtheid|2021;Migratieachtergrond - Nederlandse achtergrond|2021;Migratieachtergrond - Westers|2021;Migratieachtergrond - Niet-westers|2021;Migratieachtergrond - Totaal|2021;Totaal misdrijven|2021;Misdrijven - Diefstal/inbraak woning|2021;Werkloosheidspercentage|2021;Besteedbaar inkomen per huishouden|2019
Aa en Hunze;469107;25399;47,3;92;23719;1062;618;1680;605;23;3,4;47,1
Aalsmeer;658553;31991;42,2;1590;25117;3708;3166;6874;1008;34;3,8;55
Aalten;347721;27120;44,5;281;23997;2159;964;3123;496;15;2,9;44,1
Achtkarspelen;357519;27900;42,3;273;26631;666;603;1269;631;8;3,9;40,4
Alblasserdam;366321;20136;41,3;2293;17037;1404;1695;3099;593;16;3,7;46,3
Albrandswaard;577048;25814;41,9;1190;20024;2070;3720;5790;961;24;3,6;57,2
Alkmaar;414307;109896;42,8;995;84758;10713;14425;25138;4999;97;3,8;42,7
Almelo;315996;73132;42,5;1087;53549;7740;11843;19583;3582;84;4,8;39,2
Almere;407574;214715;38,4;1662;118876;23554;72285;95839;8640;373;5,7;45,2
Alphen aan den Rijn;438304;112587;42,2;892;88721;10692;13174;23866;4208;114;3,7;48,2
Alphen-Chaam;606771;10373;45,1;111;8862;1208;303;1511;294;19;2,9;52,5
Altena;443769;56352;42;281;51911;2767;1674;4441;1420;72;2,8;49,8
Ameland;554807;3746;44,2;63;3439;239;68;307;95;2;3,4;?
Amersfoort;433554;157462;40;2515;117512;14073;25877;39950;6313;205;4,4;47,5
Amstelveen;699646;90829;41,7;2208;48301;18354;24174;42528;3601;186;5;50,7
Amsterdam;665010;893783;38,8;5177;397377;175869;320537;496406;64469;1761;6,5;41,7
Apeldoorn;428049;164781;43,3;485;134472;13859;16450;30309;6851;267;3,5;44,3
Arnhem;370025;162424;40,1;1660;108400;19419;34605;54024;10556;298;5,9;37,4
Assen;312559;68836;43;841;57484;5451;5901;11352;3336;81;3,7;40,9
Asten;463194;16817;44,2;240;14935;1245;637;1882;564;26;3,1;46,7
Baarle-Nassau;492016;6899;47;91;5119;1555;225;1780;216;10;3,3;46,6
Baarn;938739;24792;45,2;762;20184;2450;2158;4608;872;71;3,4;54,5
Barendrecht;481270;48643;41,5;2463;35957;3885;8801;12686;1747;43;3,9;55,5
Barneveld;400189;59992;38,5;341;54544;2494;2954;5448;1930;77;3,2;51,2
Beek;366861;15875;47,1;755;13462;1609;804;2413;566;13;3,4;45
Beekdaelen;393621;36065;47;461;30333;4436;1296;5732;1026;35;3,1;45,5
Beesel;324445;13450;45,6;481;11130;1520;800;2320;398;11;3,6;43,4
Berg en Dal;452423;35010;46,3;406;29953;3528;1529;5057;1108;33;3,3;44,8
Bergeijk;517782;18754;44,7;186;16681;1561;512;2073;502;21;2,7;51,7
Bergen (L.);455359;13108;46,2;127;11006;1697;405;2102;508;32;3,4;44,7
Bergen (NH.);1009989;29715;50,2;300;25643;2906;1166;4072;869;24;3,1;56
Bergen op Zoom;371105;67514;44;844;49785;7190;10539;17729;3445;114;3,9;43,3
Berkelland;412973;43846;46;170;40288;2214;1344;3558;1003;39;3;44,6
Bernheze;532496;31455;43,3;351;28521;1940;994;2934;918;40;2,9;51,6
Best;590294;30216;42,9;881;24725;3037;2454;5491;1157;38;3,8;51,9
Beuningen;369427;26157;43,7;599;22672;2036;1449;3485;780;29;3,1;48,9
Beverwijk;338943;41863;41,9;2275;29894;5184;6785;11969;1796;56;4,1;42,6
Bladel;547090;20529;43,9;273;18360;1495;674;2169;646;28;3;49,1
Blaricum;1492794;11954;43,6;1076;9514;1317;1123;2440;343;20;3,4;102,3
Bloemendaal;1187580;23478;46,3;590;18952;3249;1277;4526;945;52;3,6;80,6
Bodegraven-Reeuwijk;833765;35278;42,1;468;30330;2385;2563;4948;1136;58;3;54,6
Boekel;448685;10959;42;318;10010;696;253;949;283;27;2,9;50,9
Borger-Odoorn;342850;25598;46,3;93;23959;1081;558;1639;605;17;3,4;43,6
Borne;357659;23668;43;910;21036;1486;1146;2632;601;15;3,2;47,8
Borsele;319664;22818;43,1;161;20623;1500;695;2195;470;7;2,9;47,3
Boxtel;515983;32973;44;477;27444;2760;2769;5529;1283;43;3,5;46,5
Breda;520314;184126;41,6;1464;138929;21212;23985;45197;9901;296;3,9;44,1
Brielle;462797;17439;44,7;633;14784;1613;1042;2655;707;16;3,4;50,7
Bronckhorst;518910;36087;47,1;127;33874;1477;736;2213;684;40;2,8;49,7
Brummen;470931;20884;46,6;250;18333;1298;1253;2551;553;31;3,3;46,8
Brunssum;274971;27670;46,9;1604;21003;5087;1580;6667;1223;37;3,9;37,8
Bunnik;524374;15341;43,7;415;13232;1223;886;2109;453;21;3;54,5
Bunschoten;405190;22019;39,2;725;19372;1412;1235;2647;595;14;2,8;52,8
Buren;571110;27009;43,7;202;24583;1638;788;2426;694;31;2,8;52,8
Capelle aan den IJssel;449733;67319;42,9;4761;42272;7721;17326;25047;2673;54;5;42,8
Castricum;549032;36086;45,6;726;31820;2602;1664;4266;945;40;3,2;53,4
Coevorden;309963;35317;45,7;119;32065;1848;1404;3252;1085;35;3,8;43,3
Cranendonck;445316;21001;45,1;275;17214;2388;1399;3787;908;27;3,2;47,4
Culemborg;407699;29121;42,1;994;22162;2767;4192;6959;990;14;3,9;46,7
Dalfsen;465030;28901;43,1;175;27114;992;795;1787;473;13;3;49,4
Dantumadiel;360002;18943;43,7;224;18067;422;454;876;381;8;3,5;42,2
De Bilt;861128;43384;44,6;656;35293;4223;3868;8091;1571;119;3,4;55,9
De Fryske Marren;392273;51778;44,5;147;47421;2401;1956;4357;1254;31;3,9;44,9
De Ronde Venen;707050;44720;43,9;448;36910;4003;3807;7810;1240;60;3,6;57,2
De Wolden;538941;24374;45,4;109;23053;774;547;1321;481;32;3;48,4
Delft;481659;103581;39,4;4573;65132;15797;22652;38449;5098;105;5,9;34,4
Den Haag;450584;548320;39,5;6650;240767;107835;199718;307553;35110;1002;6,2;41
Den Helder;264545;56582;44,6;1250;44743;5571;6268;11839;2892;65;3,9;38,6
Deurne;519940;32437;44;277;29165;1971;1301;3272;1099;50;3,1;46,6
Deventer;444640;101236;41,8;775;78328;9344;13564;22908;4169;184;4;41,5
Diemen;460169;31334;39,1;2613;16043;5631;9660;15291;1582;41;5;41,4
Dijk en Waard;384425;86722;41,5;1397;70160;7156;9406;16562;2952;98;3,4;47,7
Dinkelland;434549;26606;44;151;24444;1549;613;2162;408;5;3;51,3
Doesburg;405159;11064;47,3;960;8780;1069;1215;2284;303;9;4,4;40,2
Doetinchem;359513;58270;43,5;737;49574;4324;4372;8696;2294;46;4,2;42,8
Dongen;429756;26368;43,7;902;22583;1950;1835;3785;671;30;2,9;47,2
Dordrecht;349651;119115;42,4;1517;82136;13933;23046;36979;5480;89;4,7;42,5
Drechterland;492517;19838;43,2;337;17609;1418;811;2229;552;14;3;50
Drimmelen;442892;27325;45;287;24496;1947;882;2829;783;21;2,9;49,3
Dronten;339872;42011;41,6;126;34474;3758;3779;7537;1272;33;3,4;45
Druten;422968;18991;43,5;505;16518;1253;1220;2473;459;17;3,8;47,4
Duiven;415810;25066;43,9;739;21278;2134;1654;3788;655;17;3,6;47,1
Echt-Susteren;343659;31751;47,2;308;26087;4233;1431;5664;1193;34;3,2;44,5
Edam-Volendam;484999;36268;43,2;668;32736;1648;1884;3532;814;26;3,1;54,4
Ede;480573;118530;40,8;373;99379;8536;10615;19151;4958;226;3,7;47
Eemnes;848845;9362;43,7;302;8041;718;603;1321;311;9;3,4;53,7
Eemsdelta;261772;45587;45,9;170;38479;3224;3884;7108;1708;66;4,2;38,6
Eersel;596052;19528;44,6;237;17580;1293;655;1948;616;16;2,9;53
Eijsden-Margraten;446080;25900;45,9;334;22389;2750;761;3511;640;27;2,8;50,8
Eindhoven;488761;235691;40,4;2689;144903;37145;53643;90788;15001;364;4,6;39,5
Elburg;360230;23429;41,4;367;21845;845;739;1584;635;20;3,2;46,3
Emmen;316831;107024;44,9;319;93657;7476;5891;13367;4365;120;4,1;39,6
Enkhuizen;318229;18637;43,6;1470;15458;1779;1400;3179;801;12;3,7;44
Enschede;330630;159732;40,9;1134;110807;20561;28364;48925;8387;207;5,1;35,5
Epe;615214;33198;45,7;213;29290;2021;1887;3908;902;34;3,5;47,1
Ermelo;385561;27016;44,4;315;23954;1620;1442;3062;922;40;3,3;49,1
Etten-Leur;420823;43869;43;793;35215;4259;4395;8654;1707;44;3,5;46,2
Geertruidenberg;467284;21770;43,7;817;19390;1422;958;2380;802;19;3;46,3
Geldrop-Mierlo;439552;40066;43,9;1292;32667;3973;3426;7399;1601;58;3,7;46,7
Gemert-Bakel;565587;30760;42,9;252;27256;2420;1084;3504;978;36;3;46,3
Gennep;450277;17035;45,9;358;14540;1746;749;2495;556;20;3,4;45
Gilze en Rijen;423707;26723;43,3;409;21806;2159;2758;4917;991;26;3,3;46
Goeree-Overflakkee;434366;50589;43,7;194;46871;2186;1532;3718;1431;44;2,8;48,4
Goes;419168;38594;44,9;417;32083;3349;3162;6511;1730;27;3,6;43,1
Goirle;501675;23952;44,2;557;21139;1647;1166;2813;757;40;3;48,9
Gooise Meren;829071;58524;42,9;1407;45639;7354;5531;12885;2510;153;3,4;60,1
Gorinchem;464046;37410;41,9;1987;27366;3780;6264;10044;1525;51;4,4;43,9
Gouda;361603;73681;42,1;4466;53984;6903;12794;19697;3391;137;4,6;43,5
Groningen;363894;233273;38,5;1257;174995;29771;28507;58278;11370;354;6;32,3
Gulpen-Wittem;468941;14206;49,1;194;12185;1642;379;2021;437;14;3,2;44,8
Haaksbergen;546158;24229;45,4;231;21175;1611;1443;3054;525;27;3,4;46,6
Haarlem;548556;162543;41;5572;111507;23807;27229;51036;7412;166;4,2;45,3
Haarlemmermeer;512579;157789;41,3;799;111179;18551;28059;46610;6001;241;4,7;51,7
Halderberge;441338;30430;45,2;409;25437;2483;2510;4993;1082;43;3,3;45,5
Hardenberg;381815;61357;41,7;196;56931;2343;2083;4426;1562;54;3,1;45,4
Harderwijk;414609;48726;41,4;1253;39263;3450;6013;9463;1773;41;3,8;45,9
Hardinxveld-Giessendam;375247;18413;40,1;1089;16984;673;756;1429;464;7;2,9;48,8
Harlingen;315360;15807;45,7;633;13800;1250;757;2007;426;4;4,1;39
Hattem;486230;12228;43,3;530;11203;561;464;1025;325;16;3,1;50,6
Heemskerk;409271;39191;44,6;1433;30929;3707;4555;8262;1306;66;3,8;46,1
Heemstede;794057;27545;45,7;3001;21862;3637;2046;5683;1047;47;3,4;64,2
Heerde;542326;18776;44,7;238;17549;651;576;1227;387;19;2,9;48,9
Heerenveen;372575;50650;43,8;266;44366;2786;3498;6284;1522;34;4;43,3
Heerlen;268732;86936;45,5;1934;61304;15903;9729;25632;5047;149;4,5;34,9
Heeze-Leende;618858;16243;45,8;156;14404;1261;578;1839;502;26;2,9;54,5
Heiloo;691063;24144;46,5;1291;21018;1937;1189;3126;706;38;3,4;52,6
Hellendoorn;354764;35932;43,7;261;33366;1454;1112;2566;732;31;2,9;46,5
Hellevoetsluis;355033;40312;43,9;981;32378;3807;4127;7934;1446;44;3,8;46,4
Helmond;455026;92627;41,5;1742;66186;13603;12838;26441;4832;202;4,1;42,4
Hendrik-Ido-Ambacht;423463;31258;39,7;2946;26481;1995;2782;4777;941;22;3,2;52,7
Hengelo;292292;81049;43,1;1332;61752;7941;11356;19297;3577;132;3,9;40,6
Het Hogeland;262380;47834;45;99;43994;2182;1658;3840;1178;31;3,4;40,7
Heumen;449482;16569;45,7;417;14227;1493;849;2342;537;17;3,5;51,6
Heusden;569563;45005;43,6;571;38345;3646;3014;6660;1248;44;3,2;48,9
Hillegom;491672;22197;43,4;1725;17955;2661;1581;4242;645;12;3,5;47,5
Hilvarenbeek;653266;15698;44,8;166;14366;917;415;1332;422;19;2,6;52,2
Hilversum;657614;91235;41,8;2000;64046;12931;14258;27189;3922;142;4,3;47,7
Hoeksche Waard;431530;88047;44,1;327;79435;4817;3795;8612;2349;46;3,5;51,3
Hof van Twente;428018;35040;45,9;165;31722;1992;1326;3318;756;40;2,9;49
Hollands Kroon;365966;48583;43,4;136;42500;4311;1772;6083;1118;22;3,2;45,9
Hoogeveen;335020;55603;43,2;436;49308;3258;3037;6295;2061;74;3,5;40,8
Hoorn;391943;73619;42,1;3612;55429;7127;11063;18190;3062;76;4,2;44
Horst aan de Maas;382184;42487;44,6;225;37263;3924;1300;5224;1403;56;2,9;47,9
Houten;475014;50223;40,6;914;42003;3776;4444;8220;1499;106;3,3;54,3
Huizen;608690;41090;45,1;2599;32237;4118;4735;8853;1202;46;4;50,7
Hulst;312813;27575;46,9;137;19497;7148;930;8078;885;48;3,3;43,7
IJsselstein;425413;33819;42,1;1605;26738;2474;4607;7081;1052;41;3,6;51
Kaag en Braassem;528256;27541;43,6;435;24064;1902;1575;3477;841;23;3,4;52,6
Kampen;355587;54474;39,7;383;48839;2357;3278;5635;1695;41;3,3;43,5
Kapelle;349486;12882;42,8;347;11596;817;469;1286;319;9;2,7;48,3
Katwijk;457946;65995;40,7;2666;58075;3854;4066;7920;1896;24;3,2;48,4
Kerkrade;248727;45442;47,1;2074;30831;11337;3274;14611;2339;110;4,2;35,6
Koggenland;377451;22940;43,1;286;20933;1147;860;2007;642;29;2,9;51
Krimpen aan den IJssel;477954;29410;43,7;3824;24384;2224;2802;5026;630;16;3,6;48,2
Krimpenerwaard;519489;56622;42,8;382;50048;3082;3492;6574;1604;96;3,1;48,9
Laarbeek;566787;22805;44,2;412;20620;1526;659;2185;653;40;3,1;48,2
Land van Cuijk;478546;90194;44,6;264;77859;6776;5559;12335;2724;94;3,2;47
Landgraaf;315192;37262;46,9;1516;28664;6805;1793;8598;1373;57;4;40,3
Landsmeer;801648;11565;43,7;513;9391;1070;1104;2174;444;10;3,5;56,3
Lansingerland;550164;63363;39,5;1186;50972;4829;7562;12391;1875;58;3,4;58,7
Laren;1375610;11398;48,5;918;9012;1610;776;2386;470;36;3,7;74
Leeuwarden;297467;124481;41,5;523;102137;9725;12619;22344;5789;242;5,6;36,3
Leiden;426204;124093;39,7;5664;84190;18898;21005;39903;5493;129;4,6;37,7
Leiderdorp;524379;27377;44,2;2364;21122;2781;3474;6255;846;18;4;49,4
Leidschendam-Voorburg;554654;76433;44,1;2348;51156;11437;13840;25277;3162;118;4;48,2
Lelystad;363674;79811;40,6;347;52773;9114;17924;27038;3744;113;4,7;42,2
Leudal;424900;36045;46,4;222;31108;3609;1328;4937;1311;47;2,9;46,8
Leusden;546343;30544;44;522;26140;2486;1918;4404;789;20;3,3;52,5
Lingewaard;445825;46822;44;755;41792;3168;1862;5030;1118;52;3,2;47,4
Lisse;567078;22982;44,3;1465;19662;2061;1259;3320;678;17;3,2;47,8
Lochem;503086;33948;47,8;159;30226;2052;1670;3722;895;66;3,5;50,2
Loon op Zand;425133;23504;44,7;471;20775;1694;1035;2729;840;19;3,2;47,6
Lopik;497574;14456;41,4;191;13028;639;789;1428;397;25;3;52,5
Losser;436452;22888;44,8;232;19543;2437;908;3345;486;27;3,4;44,9
Maasdriel;583746;25452;42,9;385;21750;2713;989;3702;919;44;3,1;50,3
Maasgouw;338974;23947;47,9;524;20389;2781;777;3558;815;29;3,3;46,6
Maashorst;464571;58108;43,5;423;49524;4655;3929;8584;2358;107;3,2;47,5
Maassluis;341373;33567;43,5;3958;23819;3083;6665;9748;1180;46;4,2;43,2
Maastricht;431485;120227;43,2;2147;80447;25978;13802;39780;6290;130;4,9;35,3
Medemblik;456035;45165;43,5;372;39019;3768;2378;6146;1285;30;3,3;47,3
Meerssen;380367;18661;47,6;692;16192;1828;641;2469;518;13;3,2;48,5
Meierijstad;487714;81647;43,4;444;69503;6554;5590;12144;2653;75;2,8;50,4
Meppel;406694;34386;42,5;619;30161;2037;2188;4225;1009;26;3,7;42,5
Middelburg;408455;48964;43,6;1011;39335;5058;4571;9629;2056;29;4,1;41,8
Midden-Delfland;439429;19414;42,6;411;16842;1248;1324;2572;568;18;2,8;58,4
Midden-Drenthe;364337;33381;45,5;98;30936;1541;904;2445;902;27;3,1;44,8
Midden-Groningen;304812;60726;44,8;217;51533;3946;5247;9193;2313;109;5;39,5
Moerdijk;393809;37185;44,5;234;32480;2749;1956;4705;1403;45;3,3;47,1
Molenlanden;548622;44130;41;243;40877;1820;1433;3253;881;17;3;53,7
Montferland;403950;36031;45,7;341;31525;3030;1476;4506;990;28;3,2;44,7
Montfoort;773738;13896;42;370;12393;721;782;1503;316;16;3,3;54,9
Mook en Middelaar;486910;7909;47,8;455;6780;795;334;1129;219;10;3;50,2
Neder-Betuwe;501959;24648;39;411;22442;1509;697;2206;671;19;3;49,3
Nederweert;484656;17171;45,4;172;15457;1221;493;1714;462;23;3;47,2
Nieuwegein;353022;63866;42,5;2717;45594;6675;11597;18272;3074;80;4,2;44,1
Nieuwkoop;499510;29151;43,3;373;25722;2000;1429;3429;707;21;2,9;53,5
Nijkerk;438756;43600;41,4;629;38223;2406;2971;5377;1319;80;3,2;51,1
Nijmegen;468569;177359;39,8;3341;130117;21143;26099;47242;10019;261;5,4;35
Nissewaard;364926;85440;42,9;1161;63180;8245;14015;22260;3657;75;4,6;43,4
Noardeast-Fryslân;263014;45481;43,1;120;42752;1517;1212;2729;1032;19;3,6;40,3
Noord-Beveland;361203;7581;48,7;88;6548;796;237;1033;229;6;3,2;42,6
Noordenveld;354719;31214;47,1;157;28774;1412;1028;2440;757;34;3,3;45,9
Noordoostpolder;377346;47583;40,8;104;39740;4014;3829;7843;1518;59;3,5;44,3
Noordwijk;859730;44062;44,2;755;36189;5427;2446;7873;1666;53;3,5;51
Nuenen, Gerwen en Nederwetten;698527;23702;45,7;703;20432;2165;1105;3270;686;40;3,3;53,6
Nunspeet;490365;28021;41,8;218;25980;1045;996;2041;836;35;2,9;48,2
Oegstgeest;717040;25064;42,4;3429;18627;4012;2425;6437;687;28;3,5;60,6
Oirschot;564400;18842;44,7;185;17229;1015;598;1613;573;23;2,8;53,6
Oisterwijk;758718;32373;45,5;404;28674;2127;1572;3699;949;40;3,2;54,4
Oldambt;286223;38277;46,2;169;33907;2759;1611;4370;1506;47;4,3;37,2
Oldebroek;362130;23760;41,6;243;22273;828;659;1487;619;28;3,1;46,1
Oldenzaal;415723;31701;44,4;1471;26709;2471;2521;4992;1002;66;3,8;44,8
Olst-Wijhe;553400;18361;44,4;161;16805;858;698;1556;376;23;3,2;47
Ommen;368014;18295;43,8;102;16766;961;568;1529;412;13;3,3;46,6
Oost Gelre;338757;29574;44,4;269;27107;1537;930;2467;623;22;2,7;47,4
Oosterhout;438798;56206;44,2;786;44408;5367;6431;11798;2304;78;3,6;45,8
Ooststellingwerf;368515;25464;45,6;114;23595;1114;755;1869;579;14;3,8;41,5
Oostzaan;579577;9689;43,8;840;8258;637;794;1431;415;14;3,3;52,1
Opmeer;479831;12009;43,3;289;10852;766;391;1157;268;4;2,9;48,5
Opsterland;399886;29812;43,9;133;27880;1056;876;1932;575;13;3,7;45
Oss;483824;92526;43;567;73981;9163;9382;18545;4471;143;3,7;45,6
Oude IJsselstreek;374527;39346;45,5;289;33997;2797;2552;5349;821;26;3,2;43
Ouder-Amstel;792104;14125;43,1;587;10010;1963;2152;4115;830;18;3,9;55,3
Oudewater;490352;10138;43;261;9219;468;451;919;271;19;2,8;56,9
Overbetuwe;457333;48214;42,4;442;42402;3405;2407;5812;1460;60;3,3;49,3
Papendrecht;370847;32171;43,6;3419;25967;2762;3442;6204;845;17;3,9;46,9
Peel en Maas;385104;43660;44,7;274;38556;3383;1721;5104;1269;66;3;47,1
Pekela;207196;12176;44,9;248;11091;693;392;1085;447;9;4;36,9
Pijnacker-Nootdorp;577320;55674;39,9;1501;43208;4976;7490;12466;1587;61;3,3;56,4
Purmerend;419901;91793;43,4;979;67468;8425;15900;24325;3042;71;4,5;45,2
Putten;541581;24365;42,6;286;22409;1068;888;1956;643;34;2,9;51,3
Raalte;351904;37911;44,2;222;35287;1324;1300;2624;758;20;2,8;46,5
Reimerswaal;314013;22896;39,2;225;19445;2425;1026;3451;616;16;3,2;45,2
Renkum;550789;31417;48;684;26459;3082;1876;4958;1046;69;3,5;48,5
Renswoude;518110;5556;37,8;302;5092;275;189;464;96;6;2,7;?
Reusel-De Mierden;436629;13127;42,9;169;11958;825;344;1169;328;19;2,8;49,5
Rheden;488834;43525;46,4;532;36105;4024;3396;7420;1480;44;4,3;42,1
Rhenen;576657;20203;42,7;480;17710;1215;1278;2493;523;49;3,2;49
Ridderkerk;442045;46671;44,7;1968;36804;3703;6164;9867;1813;83;4,6;44,3
Rijssen-Holten;341866;38204;40,5;406;35016;1155;2033;3188;922;40;2,9;49,3
Rijswijk;401678;55220;42,8;3956;34417;8352;12451;20803;3251;100;4,9;43
Roerdalen;339036;20580;47,6;233;16942;2882;756;3638;553;24;3,4;45,4
Roermond;384617;58763;44;966;41044;9007;8712;17719;3274;89;4,4;40,3
Roosendaal;362019;77200;43,9;725;56759;9395;11046;20441;4483;170;4,1;42,7
Rotterdam;431308;651631;39,5;2995;307097;88707;255827;344534;47669;1012;7,3;37,4
Rozendaal;925931;1726;45,1;62;1458;168;100;268;46;1;2,8;?
Rucphen;476068;23080;45,6;358;20620;1662;798;2460;869;30;3;45,3
Schagen;436434;46532;45,2;277;41218;3237;2077;5314;1615;25;3,1;46,9
Scherpenzeel;393578;10128;40,5;734;9322;450;356;806;242;21;2,9;54,2
Schiedam;316086;79279;41,2;4449;43949;11430;23900;35330;4421;85;5,2;39,8
Schiermonnikoog;520548;931;49,9;23;830;77;24;101;33;;3,2;?
Schouwen-Duiveland;433355;34065;47,1;148;30653;2259;1153;3412;1092;32;3,3;46,1
's-Hertogenbosch;488020;155490;42;1414;122514;14291;18685;32976;8398;251;3,2;45,1
Simpelveld;277938;10477;47,3;654;8592;1630;255;1885;256;8;3,4;42,2
Sint-Michielsgestel;746184;29498;43,8;505;26910;1563;1025;2588;788;32;2,9;54,5
Sittard-Geleen;287324;91743;46,1;1161;71139;13644;6960;20604;4646;140;3,8;40
Sliedrecht;375546;25597;41,4;1994;21637;1325;2635;3960;639;13;3,7;44,3
Sluis;457154;23166;48,1;83;16536;5820;810;6630;804;25;3,3;41,6
Smallingerland;313346;56040;43,2;478;49330;2958;3752;6710;2221;79;4,4;40,9
Soest;612438;46906;43,9;1014;36644;4123;6139;10262;1411;51;3,6;50,5
Someren;490970;19428;43,6;242;17419;1437;572;2009;592;32;3,1;48,2
Son en Breugel;684344;17552;43,7;676;15100;1582;870;2452;705;22;3,2;53,8
Stadskanaal;324608;31754;45,9;270;29068;1490;1196;2686;1007;34;3,8;37,9
Staphorst;383178;17261;37,7;129;16441;448;372;820;334;12;2,9;51,6
Stede Broec;360833;21743;43,1;1500;18701;1859;1183;3042;716;27;3,3;45,2
Steenbergen;392448;24310;44,8;166;20633;2664;1013;3677;727;28;3,2;42,1
Steenwijkerland;432566;44341;44,2;154;40353;2127;1861;3988;1312;21;3,2;42,9
Stein;310311;24875;47,8;1180;21342;2649;884;3533;798;20;3,3;43,3
Stichtse Vecht;658872;65108;43,1;678;52592;6017;6499;12516;2178;86;3,2;53,8
Súdwest-Fryslân;341770;89999;44,1;172;81537;4607;3855;8462;2783;84;3,7;42,8
Terneuzen;273983;54463;45,9;218;38819;11034;4610;15644;1905;61;4;41,6
Terschelling;493591;4870;45,1;57;4500;273;97;370;170;3;3,1;?
Texel;505368;13656;46,8;84;12121;982;553;1535;448;7;3;43,4
Teylingen;693460;37791;42,9;1332;31455;3700;2636;6336;1050;45;3,4;54,5
Tholen;307890;26085;41,4;178;23543;1561;981;2542;637;38;3,5;45,2
Tiel;410579;41920;42,1;1275;30462;4531;6927;11458;2116;45;4,5;42,2
Tilburg;384778;221947;40,5;1762;157095;27845;37007;64852;12804;392;3,9;38
Tubbergen;500586;21315;42,4;145;20286;725;304;1029;302;10;2,7;50,9
Twenterand;430227;33699;41,7;317;31862;1023;814;1837;812;21;3,1;44,9
Tynaarlo;456806;33978;45,3;238;30965;1799;1214;3013;885;46;3,1;50,3
Tytsjerksteradiel;357346;32060;44,2;215;29978;1016;1066;2082;707;21;3,5;43,8
Uitgeest;428894;13632;42,1;711;11847;954;831;1785;438;28;3,3;51,8
Uithoorn;498577;30206;42,1;1665;21541;3735;4930;8665;983;37;4;49,5
Urk;352792;21227;32,4;1614;20318;374;535;909;571;9;2,7;52,1
Utrecht;449878;359370;36,1;3830;228481;44113;86776;130889;21839;681;4,5;40,9
Utrechtse Heuvelrug;588045;49946;45,2;378;41885;4239;3822;8061;1597;109;3,5;54,2
Vaals;398087;10084;48,3;422;4795;4746;543;5289;312;14;5,8;37,4
Valkenburg aan de Geul;567264;16365;49,2;446;13844;1914;607;2521;706;22;3,5;43,7
Valkenswaard;545552;31221;46,1;568;26615;2974;1632;4606;1219;31;3,5;44,8
Veendam;292940;27417;44,6;361;23737;1520;2160;3680;1035;21;4,1;38,8
Veenendaal;415109;66912;40,5;3438;54234;4140;8538;12678;2575;163;3,6;45,1
Veere;514628;21953;46,2;166;19981;1401;571;1972;553;8;2,9;49,1
Veldhoven;519471;45500;44;1436;36664;4876;3960;8836;1492;51;3,4;50,1
Velsen;472462;68617;43,6;1518;54966;6856;6795;13651;2699;79;3,6;45,5
Venlo;371005;101988;44,2;821;71857;17464;12667;30131;5623;177;4;40,2
Venray;380252;43713;44,1;268;34470;5147;4096;9243;1670;51;3,9;45,4
Vijfheerenlanden;546902;57829;41,9;395;47698;3690;6441;10131;1817;71;3,2;48,1
Vlaardingen;334702;73924;42,8;3136;49422;8243;16259;24502;3888;185;4,7;40,3
Vlieland;385608;1194;43,8;30;997;171;26;197;80;1;3,2;?
Vlissingen;327809;44358;45;1293;32362;6461;5535;11996;1973;42;4,3;37,4
Voerendaal;416451;12466;47,2;396;10699;1333;434;1767;305;9;3,5;47,3
Voorschoten;674926;25650;44;2303;19799;3314;2537;5851;767;24;3,5;53,9
Voorst;652660;24790;45;202;22654;1250;886;2136;696;33;2,9;49,1
Vught;684843;31669;43,7;527;27398;2728;1543;4271;1016;42;3;58,5
Waadhoeke;286729;46149;44,1;162;41893;2571;1685;4256;1067;29;3,5;41,2
Waalre;943870;17544;44,8;784;14332;2008;1204;3212;553;27;3,3;59,2
Waalwijk;391664;48815;43,4;756;39281;5188;4346;9534;1889;56;3,3;44,6
Waddinxveen;396721;30479;41;1098;24928;2492;3059;5551;1015;38;3,2;48
Wageningen;477162;39635;39,2;1303;28409;5613;5613;11226;1197;68;4,7;32,9
Wassenaar;1583386;26949;45,4;527;17359;5811;3779;9590;1019;62;4,1;77
Waterland;606395;17312;45,5;332;14931;1362;1019;2381;436;27;3,3;54,8
Weert;454654;50011;45,2;479;38936;5787;5288;11075;2007;69;3,7;45,1
West Betuwe;556364;51496;42,2;238;46329;2992;2175;5167;1765;49;3,1;52,5
West Maas en Waal;422321;19581;44,4;255;17869;1097;615;1712;474;28;3,1;48,1
Westerkwartier;341760;63678;43;176;58901;2752;2025;4777;1434;21;3,7;45,1
Westerveld;489460;19661;48,5;71;18363;854;444;1298;386;31;3,2;46
Westervoort;328721;15014;43,9;2136;12151;1405;1458;2863;445;14;3,9;42,6
Westerwolde;280138;26215;46,5;95;22465;1607;2143;3750;1030;29;3,7;39,6
Westland;493462;111382;42,1;1371;93168;10234;7980;18214;3947;162;3;50,1
Weststellingwerf;383159;26130;45,2;119;24034;1102;994;2096;640;12;3,7;41,5
Westvoorne;928342;14900;47,8;280;13182;1074;644;1718;396;23;3;59,2
Wierden;442829;24538;42,8;259;22747;1104;687;1791;477;21;2,9;51,7
Wijchen;431828;41261;44;623;35988;3130;2143;5273;1446;67;3,7;47,2
Wijdemeren;1018327;24463;45,4;514;20880;2214;1369;3583;709;32;3,4;56,5
Wijk bij Duurstede;424131;23925;43,4;502;21098;1540;1287;2827;530;42;3,4;51,5
Winterswijk;340505;29022;45;210;24627;2505;1890;4395;1073;22;3,4;42,2
Woensdrecht;342137;22028;45,8;240;16593;4648;787;5435;781;40;3,5;45,2
Woerden;608554;52694;41,8;595;44326;3690;4678;8368;1982;68;3,7;52,4
Wormerland;641430;16333;44,9;423;14002;1046;1285;2331;399;17;3,4;50,1
Woudenberg;402981;13639;40,4;373;12161;661;817;1478;362;25;2,9;52,4
Zaanstad;363315;156901;41,7;2124;103575;17675;35651;53326;6672;187;4,7;42,5
Zaltbommel;505869;29447;40,6;371;25161;2446;1840;4286;1187;28;3,2;49,2
Zandvoort;731384;17168;46,9;534;13105;2495;1568;4063;1088;19;4;45,7
Zeewolde;375369;22879;40;93;18739;2826;1314;4140;786;31;3,5;48,3
Zeist;775310;65043;42,6;1341;49595;6348;9100;15448;2639;240;3,8;52,3
Zevenaar;350710;44096;45,3;476;37457;4411;2228;6639;1292;38;3,8;42,3
Zoetermeer;395392;125267;42;3636;84275;13654;27338;40992;5349;130;4,9;44,9
Zoeterwoude;533713;8843;43,5;417;7675;573;595;1168;278;11;3;53,7
Zuidplas;508477;45064;41,2;777;36918;3720;4426;8146;1512;76;3,3;54,2
Zundert;457421;21988;45,3;182;18427;2717;844;3561;624;23;3;48,7
Zutphen;365562;48111;44,4;1175;39289;4182;4640;8822;2283;57;4;40,4
Zwartewaterland;303306;22823;39,1;277;21343;883;597;1480;508;7;2,9;49
Zwijndrecht;369941;44775;43,5;2206;34159;3697;6919;10616;1428;45;3,9;44
Zwolle;359988;129840;39,7;1169;106962;8818;14060;22878;6768;128;3,7;42
